id,title,description,link,image_link,price,availability,item_group_id,variant_name,varian_value,condition,google_product_category,product_type,additional_image_link,sale_price,brand,gender,age_group,size,size_type,shipping,custom_label_0,adwords_redirect
Any ID number of your choosing or the ID used by your checkout system),The name of the product,Describe the product ,URL of your product page,URL of your product's main image,price,in stock,"If you have different types of groups, create a group eg.  T-Shirts/Tops ","E.g.: Color, Size","E.g.: Red, Small",new,Pick the most similar category from the list ,Pick from Pinterest Ad Creator's Interests,URL of other product image,,brand ,leave blank if not applicable ,leave blank if not applicable ,leave blank if not applicable ,leave blank if not applicable ,add what your shipping policy OR a link to your shipping policy,leave blank if not applicable ,leave blank if not applicable 
646811ce5a521e20c0b0b43a,Kitchen Tile #1,"<p>Introducing our &#34;6x8&#34; Ceramic Kitchen Sign - your culinary companion! In a bustling kitchen, it&#39;s easy for your culinary creativity to be disrupted. That&#39;s where our sign steps in. Picture this: as you&#39;re in the middle of crafting your signature dish, a mischievous toddler waltzes in. But hang on, they spot the kitchen sign! With a playful design and a firm message - &#34;This Kitchen Is My Kingdom, And You Are Banished!&#34;, they retreat, leaving you in your creative bubble.<br /><br />Crafted with durability and style in mind, this sign adds character to your kitchen and sets the tone for a distraction-free zone. Welcome this kitchen sign to your home and elevate your cooking experience to the next level.</p>
<p>Comes in Glossy or Matte.</p>",https://www.cookedsigns.com/store/p/kitchen-tile-1,https://images.squarespace-cdn.com/content/v1/644469d0ac4b291b67fdd802/1685647372613-DFDKRS9W526ALRP57354/42353c2a9c3c0c1fdf0026fa8261322a https://images.squarespace-cdn.com/content/v1/644469d0ac4b291b67fdd802/1685647375582-V7VJY6EXY92KWWX40QNQ/fa36626a36cd1e61c66a84f7285d9c07 https://images.squarespace-cdn.com/content/v1/644469d0ac4b291b67fdd802/1685647376001-DPBUIY043AR54Q3X0MVZ/f889567e7b5b90cc422b60cb4aae62d4 https://images.squarespace-cdn.com/content/v1/644469d0ac4b291b67fdd802/1685647376091-LGSDFX3ICNGD83KMGX93/281c3b4e42edb4a24889f7aa27075dfd https://images.squarespace-cdn.com/content/v1/644469d0ac4b291b67fdd802/1685647376716-4U1RG6ADK6QETVIUAILM/4a3160f3c7ed074e31b18325806fddc8 https://images.squarespace-cdn.com/content/v1/644469d0ac4b291b67fdd802/1685647377330-XDWI2OKVQ3KTRX0WVHJ1/de56b385e149ab5ef1a2b42b6ecc7009 https://images.squarespace-cdn.com/content/v1/644469d0ac4b291b67fdd802/1685647378850-FMHPG8JXG4FZL0GX7AH5/939a752c0e52995c68564af38e55fd69 https://images.squarespace-cdn.com/content/v1/644469d0ac4b291b67fdd802/1685647379240-A5BVUUMISHV3RKUQLFBU/5c547bc5bda8a16165ede6551e6b14a8 https://images.squarespace-cdn.com/content/v1/644469d0ac4b291b67fdd802/1685647379701-3CUKQZLU5QYNHO7DAH6E/48d275e491dfe0e3435830894ec5e49e https://images.squarespace-cdn.com/content/v1/644469d0ac4b291b67fdd802/1685647379729-J7YBE91FZUXPYVFDE9C0/912484f46389b9e487ee05d189447dc0,34.99,in stock,,,,,,,,,,,,,,,,
9294d992-0f16-4fb0-a256-da5c53f5d5e3,Kitchen Tile # 2,"<p>Meet our &#34;6x8&#34; Ceramic kitchen sign, a stylish and playful decor item designed to ensure your kitchen remains a haven for culinary creativity. Just when you&#39;re conjuring up your signature dish, this sign steps in to keep distractions at bay.<br /><br />Picture this: you&#39;re prepping a perfect Thanks Givin Turkey, then comes a friendly intruder, throwing you off track. Not with this sign! Its vibrant design and cheeky message - &#34;This Kitchen Is My Kingdom, And You Are Banished!&#34; - keeps your kitchen a tranquil space for you to weave your delicious magic.<br /><br />Crafted with high-quality Ceramic, this kitchen sign fuses functionality with style. Not only a decor piece, it&#39;s also a bold assertion that your kitchen is a distraction-free zone.<br /><br />Take your cooking experience a notch higher with our &#34;6x8&#34; kitchen sign.</p>
<p>Comes in Glossy or Matte.</p>",https://www.cookedsigns.com/store/p/kitchen-tile-2,https://images.squarespace-cdn.com/content/v1/644469d0ac4b291b67fdd802/1685647372613-DFDKRS9W526ALRP57354/42353c2a9c3c0c1fdf0026fa8261322a https://images.squarespace-cdn.com/content/v1/644469d0ac4b291b67fdd802/1685647375582-V7VJY6EXY92KWWX40QNQ/fa36626a36cd1e61c66a84f7285d9c07 https://images.squarespace-cdn.com/content/v1/644469d0ac4b291b67fdd802/1685647376001-DPBUIY043AR54Q3X0MVZ/f889567e7b5b90cc422b60cb4aae62d4 https://images.squarespace-cdn.com/content/v1/644469d0ac4b291b67fdd802/1685647376091-LGSDFX3ICNGD83KMGX93/281c3b4e42edb4a24889f7aa27075dfd https://images.squarespace-cdn.com/content/v1/644469d0ac4b291b67fdd802/1685647376716-4U1RG6ADK6QETVIUAILM/4a3160f3c7ed074e31b18325806fddc8 https://images.squarespace-cdn.com/content/v1/644469d0ac4b291b67fdd802/1685647377330-XDWI2OKVQ3KTRX0WVHJ1/de56b385e149ab5ef1a2b42b6ecc7009 https://images.squarespace-cdn.com/content/v1/644469d0ac4b291b67fdd802/1685647378850-FMHPG8JXG4FZL0GX7AH5/939a752c0e52995c68564af38e55fd69 https://images.squarespace-cdn.com/content/v1/644469d0ac4b291b67fdd802/1685647379240-A5BVUUMISHV3RKUQLFBU/5c547bc5bda8a16165ede6551e6b14a8 https://images.squarespace-cdn.com/content/v1/644469d0ac4b291b67fdd802/1685647379701-3CUKQZLU5QYNHO7DAH6E/48d275e491dfe0e3435830894ec5e49e https://images.squarespace-cdn.com/content/v1/644469d0ac4b291b67fdd802/1685647379729-J7YBE91FZUXPYVFDE9C0/912484f46389b9e487ee05d189447dc0,34.99,in stock,,,,,,,,,,,,,,,,
646811b3c78528340713ab4d,Kitchen Tile # 3,"<p>Introducing our 6x8&#34; Ceramic kitchen sign, a quintessential accessory for the passionate cook seeking a distraction-free kitchen. Imagine being mid-recipe, your kitchen humming with the rhythm of cooking, and a jovial interruption shifts your focus. Not with our sign at your door! This clever and playful placard reads, &#34;This Kitchen Is My Kingdom, And You Are Banished!&#34; A fun, firm reminder that your kitchen is your sanctuary during meal creation.<br /><br />Crafted with durable Ceramic, this sign boasts a vibrant design that adds a dash of charm to your kitchen. It serves not just as a decor piece, but as a guardian of your cooking focus, enhancing your culinary journey.<br /><br />With this 6x8&#34; kitchen sign, transform your cooking space into a serene culinary haven. Order now and celebrate your passion for distraction-free cooking.</p>
<p>Comes in Glossy or Matte.</p>",https://www.cookedsigns.com/store/p/kitchen-tile-3,https://images.squarespace-cdn.com/content/v1/644469d0ac4b291b67fdd802/1685648309273-T1AJOKU5U1SB3SFT5YQB/8640a73cc70e1ee672a96277a7d646f1 https://images.squarespace-cdn.com/content/v1/644469d0ac4b291b67fdd802/1685648386139-DYCWUYRZQLP7TZA3OEAS/8bb30ed2d91305fa13fac504e6529688 https://images.squarespace-cdn.com/content/v1/644469d0ac4b291b67fdd802/1685648386506-80ARGDWE4Z05KQH13SIP/2f53ac2292467208aab12f6d5d94d9e0 https://images.squarespace-cdn.com/content/v1/644469d0ac4b291b67fdd802/1685648390195-BS1EL5PV1JT2LL0G3NYU/38499c99293b6b11eb11174c95a9d89f https://images.squarespace-cdn.com/content/v1/644469d0ac4b291b67fdd802/1685648390229-PHOZ0K35FAKUXQE5ONZC/80cc1da71d731d13c7dd7b23a6d894f5 https://images.squarespace-cdn.com/content/v1/644469d0ac4b291b67fdd802/1685648390904-N7UR3N4VS8N6GZKNJDA2/b41568c52f54f1b03c2b63d5af1d1051 https://images.squarespace-cdn.com/content/v1/644469d0ac4b291b67fdd802/1685648391705-3SBJ7ZHY3RZJM2JIDE9Q/84c14b0ad288643fe8e78ae2aaf3b6d1 https://images.squarespace-cdn.com/content/v1/644469d0ac4b291b67fdd802/1685648392058-LTS4HCQHNLCU1J41G8D6/f737988c749a3c5318d638925af4bfde https://images.squarespace-cdn.com/content/v1/644469d0ac4b291b67fdd802/1685648393183-PUOR452YP8OR1995ERV2/7c60add111e070cca7098c8566b64674 https://images.squarespace-cdn.com/content/v1/644469d0ac4b291b67fdd802/1685648393266-SLKS18I0241EOQIHQO32/e06811445d5914f6e7d13d220a4a0d0b,34.99,in stock,,,,,,,,,,,,,,,,
646811985a521e20c0b0b426,Kitchen Tile # 4,"<p>Unveiling our lively &#34;6x8&#34; Ceramic kitchen sign - your charming solution for a distraction-free culinary haven! Imagine crafting a gourmet feast, when suddenly, a mischievous toddler trots in, upsetting your culinary groove. That&#39;s where our sign saves the day! With its friendly but firm message, &#34;Master Chef At Work, Get Out!&#34;, it declares your kitchen a serene creative sanctuary.<br /><br />Crafted with premium Ceramic, this kitchen sign is a blend of style and practicality, adding a splash of personality to your space. The vibrant design captures attention, and the message brings a smile, yet maintains your kitchen&#39;s peace.</p>
<p><br />So, if you&#39;re ready to reclaim your kitchen focus, let our &#34;6x8&#34; kitchen sign be your charming guardian. Cook, create, and enjoy the peace!</p>
<p>Comes in Glossy or Matte.</p>",https://www.cookedsigns.com/store/p/kitchen-tile-4,https://images.squarespace-cdn.com/content/v1/644469d0ac4b291b67fdd802/1685648566906-TSPCWVPLEUAGZMIPARQU/c46b87bb37606ca67d4f16f5552a5b68 https://images.squarespace-cdn.com/content/v1/644469d0ac4b291b67fdd802/1685648568582-9WK3VLG7OUXON8IL2Y5M/b5f5aec15a0ffbb4f081daf1f0cf3f36 https://images.squarespace-cdn.com/content/v1/644469d0ac4b291b67fdd802/1685648568856-PC8NZXJ6FO13IM45HWIH/2d91c8f69b287ffa93a473d42f95dbc7 https://images.squarespace-cdn.com/content/v1/644469d0ac4b291b67fdd802/1685648568953-IWC91QD369R2KKIVSEHT/ee150a54476a1fe10d842b78a4092e64 https://images.squarespace-cdn.com/content/v1/644469d0ac4b291b67fdd802/1685648569264-FG3P82WIB8AORCGQJ6ZJ/3a2d8f984c28bb435e256d6a4cabe49c https://images.squarespace-cdn.com/content/v1/644469d0ac4b291b67fdd802/1685648570870-FVSCZTAKHBT3ONMCHEW1/16b6f5eee34e1aedbdce53258a54bfd0 https://images.squarespace-cdn.com/content/v1/644469d0ac4b291b67fdd802/1685648571415-T0J3529LJBA41VE94D45/6ae24f91a6fa8604164c1427b397af0b https://images.squarespace-cdn.com/content/v1/644469d0ac4b291b67fdd802/1685648571469-M8COXT5M9VXLY57MBZ2T/d988101f961cc52047309ec9047f36d6 https://images.squarespace-cdn.com/content/v1/644469d0ac4b291b67fdd802/1685648571982-1AF5MDOHTQXA5I5XEQ46/a1ac2edf18e760d4f9fef16b74535831 https://images.squarespace-cdn.com/content/v1/644469d0ac4b291b67fdd802/1685648572261-5VOAO84BWFPQK11L0DGT/28d6f20d4faef45feade0a05ef2792b4,34.99,in stock,,,,,,,,,,,,,,,,
6468117947363a27d180efc6,Kitchen Tile # 5,"<p>Introducing our dynamic &#34;6x8&#34; Ceramic kitchen sign, your guardian against distractions. This charming kitchen decor creates a space where your culinary creations can come to life, undisturbed.<br /><br />Picture this: just as your secret sauce reaches its simmering point, a distraction swoops in, interrupting your culinary symphony. Our kitchen sign, with its playful proclamation - &#34;Master Chef At Work, Get Out!&#34; - saves the day. Suddenly, your kitchen transforms into a tranquil zone, where your spicy genius flows freely.<br /><br />Expertly crafted from durable Ceramic, this kitchen sign marries functionality and flair. More than a sign, it&#39;s your culinary boundary, a fun statement asserting your space as a distraction-free haven.<br /><br />Ready to elevate your cooking experience? Invite our &#34;6x8&#34; Ceramic kitchen sign into your home.</p>
<p>Comes in Glossy or Matte.</p>",https://www.cookedsigns.com/store/p/kitchen-tile-5,https://images.squarespace-cdn.com/content/v1/644469d0ac4b291b67fdd802/1685648750386-0VF38TTVYMFWS2U77Z8R/07e884b6f050173da996514b8f488ffe https://images.squarespace-cdn.com/content/v1/644469d0ac4b291b67fdd802/1685648753974-6GGOZR4EU5OVSY90NMXY/50c304f721377e007cdd1913040c6100 https://images.squarespace-cdn.com/content/v1/644469d0ac4b291b67fdd802/1685648754301-0UFGV35FHGZL5505LF09/ae4fc42fe94503108bcfb47da55bc9a0 https://images.squarespace-cdn.com/content/v1/644469d0ac4b291b67fdd802/1685648755043-A7RD3F7L7DQ4PU2ND3DE/390e7ac2cf20d6cbe74d6ab34349b646 https://images.squarespace-cdn.com/content/v1/644469d0ac4b291b67fdd802/1685648755171-64A9N6YJVVMXFUYVYUFM/7390221a311da45b8909cde113fb77b8 https://images.squarespace-cdn.com/content/v1/644469d0ac4b291b67fdd802/1685648757350-YKJYUKWC0OKLRLLZE1E4/044326948bf9c9c3f412f01944b24851 https://images.squarespace-cdn.com/content/v1/644469d0ac4b291b67fdd802/1685648758068-2XS1QVRYWW8D2SK6GTY5/6231e26c09c8f7f5f907fab0cfe3365a https://images.squarespace-cdn.com/content/v1/644469d0ac4b291b67fdd802/1685648758228-Z1BLJJ0CGXXSOJQ3NVKO/2899a1d21ae32d0e91b90af8225f0b1f https://images.squarespace-cdn.com/content/v1/644469d0ac4b291b67fdd802/1685648758514-M9J6PDTZ59BLD7M820OS/b205d62fdba29679168610452758dcf4 https://images.squarespace-cdn.com/content/v1/644469d0ac4b291b67fdd802/1685648760798-LH2QR1E5OB8ZOVW1JY5P/3cf47c8f7035fa0411435c5cd6240933 https://images.squarespace-cdn.com/content/v1/644469d0ac4b291b67fdd802/1685648761492-BB5IDTUFA4ZJF00ISN1A/6d892d71d818a6f3e7e15b039be63b15 https://images.squarespace-cdn.com/content/v1/644469d0ac4b291b67fdd802/1685648763123-D4WCX0VJ4X6JYOJDBQ11/1cfc043c0e29376a8fbff6d5bddaa3ce,34.99,in stock,,,,,,,,,,,,,,,,
646811495a521e20c0b0b3c7,kitchen-tile-6,"<p>Meet our &#34;6x8&#34; Ceramic kitchen sign, a charming protector of your cooking focus. Picture this: you&#39;re crafting your grandmother&#39;s famous apple pie when an unsuspecting family member saunters in, disturbing your cooking rhythm. But, with our kitchen sign mounted in place, a polite yet playful reminder greets them: &#34;Master Chef At Work, Get Out!&#34; With this sign, your kitchen becomes a serene sanctuary for your delicious adventures.<br /><br />Made from high-quality Ceramic and featuring vibrant, eye-catching design, our kitchen sign perfectly marries style and practicality. It&#39;s more than decor - it&#39;s a declaration of your passion for cooking and the sanctity of your creative space.<br /><br />Embrace distraction-free cooking with our &#34;6x8&#34; kitchen sign. This isn&#39;t just a product; it&#39;s a ticket to tranquillity.</p>
<p>Comes in Glossy or Matte.</p>",https://www.cookedsigns.com/store/p/kitchen-tile-6,https://images.squarespace-cdn.com/content/v1/644469d0ac4b291b67fdd802/1685646877881-B1A2F5OZRVSWBB18PVYB/e450bdbe678e50577014329038b33df4 https://images.squarespace-cdn.com/content/v1/644469d0ac4b291b67fdd802/1685646879451-2U94FRNELPSAVY3U9VCR/b8112d8d85a506720aa131063646b4d3 https://images.squarespace-cdn.com/content/v1/644469d0ac4b291b67fdd802/1685646879508-IJFGWYV9113BWORTNE6J/11204653871d660eee11b4d2a163f20b https://images.squarespace-cdn.com/content/v1/644469d0ac4b291b67fdd802/1685646879784-L2LEJPWUEB945AQC8V8I/ca77be855ebe9f8fcc712292eaabd210 https://images.squarespace-cdn.com/content/v1/644469d0ac4b291b67fdd802/1685646880104-SKUKBS75SRTWYLOOZ88D/cfb95a00084b46b405a3a1c7e6a2f7ac https://images.squarespace-cdn.com/content/v1/644469d0ac4b291b67fdd802/1685646880282-NX4UFLX6AWKUDZGL6R4D/d3ed2750d34a40873721c83481f11f0b https://images.squarespace-cdn.com/content/v1/644469d0ac4b291b67fdd802/1685646880923-G7ZNEDQ8EFMRA470PW0T/ceaeff3953f8d1b0e93b0b15b5365659 https://images.squarespace-cdn.com/content/v1/644469d0ac4b291b67fdd802/1685646881318-3QYWNAIFTCOT18T25HQV/d63052db57fad1d73c467941b52a3b8c https://images.squarespace-cdn.com/content/v1/644469d0ac4b291b67fdd802/1685646881442-JDYJ0DGLKYTJEOWJKGWQ/ec5a83843ef562bbc0e5a3c49e9d8b9d https://images.squarespace-cdn.com/content/v1/644469d0ac4b291b67fdd802/1685646881689-JSI5EPRQLICITC0T2O4B/d545d5480ca3729f5ac15bdeaf76b034,34.99,in stock,,,,,,,,,,,,,,,,
64681165c78528340713ab2f,kitchen-tile-7,"<p>Discover the charm of distraction-free cooking with our &#34;6x8&#34; Ceramic kitchen sign. Crafted with humor and heart, this sign transforms your kitchen into a sanctuary for culinary creativity.<br /><br />Picture this: you&#39;re whipping up a culinary masterpiece, the secret family recipe. Suddenly, a friendly intruder interrupts your concentration. But with our vibrant kitchen sign on your door, interruptions become a thing of the past. Its playful message, &#34;I&#39;m The Master Chef, And You&#39;re In My Dojo&#34;, guarantees your peaceful cooking experience.<br /><br />Our kitchen sign is not just a piece of decor, it&#39;s a statement, a guardian of your cooking zone, ensuring your gastronomic adventures continue undisturbed.<br /><br />Upgrade your kitchen experience with our &#34;6x8&#34; Ceramic kitchen sign. Celebrate the joy of distraction-free cooking!</p>
<p>Comes in Glossy or Matte.</p>",https://www.cookedsigns.com/store/p/kitchen-tile-7,https://images.squarespace-cdn.com/content/v1/644469d0ac4b291b67fdd802/1685649424037-EBFWUHQDPPWIDHB01X6G/602929530d8a555cc48f659a952143e5 https://images.squarespace-cdn.com/content/v1/644469d0ac4b291b67fdd802/1685649426143-90R7YDUN9OAT0K1HLWZ4/8f94dfb9fd3bc480ae40351dd4a40d04 https://images.squarespace-cdn.com/content/v1/644469d0ac4b291b67fdd802/1685649426277-Q6WMCN8GJRX76HIU38FS/b83e07b9adce548d079022e82d306356 https://images.squarespace-cdn.com/content/v1/644469d0ac4b291b67fdd802/1685649426458-EMI879K4C3LDVAKB5MYT/cbd9eaeab4ce718f13838a2843e1e9f5 https://images.squarespace-cdn.com/content/v1/644469d0ac4b291b67fdd802/1685649426649-RSYO0VCLECUV1QHQW5AC/60e473f021c1dd42c041de80c00bf9ee https://images.squarespace-cdn.com/content/v1/644469d0ac4b291b67fdd802/1685649426652-H6XFDMC7QMKDHOJB9HPT/37554de45efb7b637ff5e86e7d4a5ed1 https://images.squarespace-cdn.com/content/v1/644469d0ac4b291b67fdd802/1685649427816-CZJSMZNFQIQ6UHTRUQQ1/187b4ad0cc8ae2e33f50941b311a9d4b https://images.squarespace-cdn.com/content/v1/644469d0ac4b291b67fdd802/1685649428050-FJ0V0Q7BAHUBERKZD5M9/78320ff12a8f6e215b83d5f732f5b77f https://images.squarespace-cdn.com/content/v1/644469d0ac4b291b67fdd802/1685649428171-XTC58G1ZFXKOT13ZLPWY/beddd5fdd1ef03d9de1c29af1654c35e https://images.squarespace-cdn.com/content/v1/644469d0ac4b291b67fdd802/1685649428318-XN3JB2SD6RRZAB8AGCR6/89a1d6bd3f0d2db339bfcbb65421251f,34.99,in stock,,,,,,,,,,,,,,,,
6468112413d1d4552d8ebff7,kitchen-tile-8,"<p>Welcome to our &#34;6x8&#34; Ceramic kitchen sign - your ticket to a distraction-free culinary experience! Crafted with care and charm, this sign is the perfect addition to your kitchen decor. Picture this: as you&#39;re crafting your signature dish, the door swings open, breaking your concentration. No more! With our sign proudly displayed, it subtly yet clearly states - &#34;I&#39;m The Master Chef, And You&#39;re In My Dojo!&#34; This amusing message keeps your space protected, allowing you to whisk, blend, and bake in peace.<br /><br />Crafted from durable Ceramic with a design that brings a smile to your face, our &#34;6x8&#34; Ceramic kitchen sign isn&#39;t just a decor item; it&#39;s your personal kitchen guard. Enhance your cooking space with our fun, distraction-deterrent kitchen signs today!</p>
<p>Comes in Glossy or Matte.</p>",https://www.cookedsigns.com/store/p/kitchen-tile-8,https://images.squarespace-cdn.com/content/v1/644469d0ac4b291b67fdd802/1685649466374-5SHURNRMTRPA1OICEBOQ/e6652af95a8478453eecb407939dc8be https://images.squarespace-cdn.com/content/v1/644469d0ac4b291b67fdd802/1685649469319-2KZSEINWUTA7N572OHA7/9f7dbc80425a0092a715c98a54ec5e10 https://images.squarespace-cdn.com/content/v1/644469d0ac4b291b67fdd802/1685649469541-DERKVD68MI0WNOZBUETY/b6f769aa4a2b273f8e0f3141c85e941c https://images.squarespace-cdn.com/content/v1/644469d0ac4b291b67fdd802/1685649469564-2ZD19P2TAYN5XNGYS1R5/54c285bf52dc1153c9e85ed2aa9fa50b https://images.squarespace-cdn.com/content/v1/644469d0ac4b291b67fdd802/1685649469966-NTPR5WC5FJDIRTR0WNMI/648785236bd33c76440310b18fb6c22e https://images.squarespace-cdn.com/content/v1/644469d0ac4b291b67fdd802/1685649470220-0V2PLBX5T2J17MX28JQ5/4e03574913468cb5153a517909be4cf4 https://images.squarespace-cdn.com/content/v1/644469d0ac4b291b67fdd802/1685649470991-WFM0WL7360NQJS16O2KT/ce23b8ef6833a40679d3610a8078c2af https://images.squarespace-cdn.com/content/v1/644469d0ac4b291b67fdd802/1685649471167-K9TQ65NP595EHZPVW460/7a4a054fc98a127651eb72f2ada54ad8 https://images.squarespace-cdn.com/content/v1/644469d0ac4b291b67fdd802/1685649471220-FZVC9H1DFHNR13OFGERZ/c91bf6b9318ff302b0da25a5e6fb7cf4 https://images.squarespace-cdn.com/content/v1/644469d0ac4b291b67fdd802/1685649471762-4ET7L6BDTCQ71S6KBU1M/84c68681905dc1eeec857acd1b2d9e10,34.99,in stock,,,,,,,,,,,,,,,,
646810b247363a27d180ef7c,kitchen-tile-9,"<p>Step into your culinary sanctuary with our &#34;6x8&#34; Ceramic kitchen sign, the guardian of your cooking adventures. This fun and vibrant sign, with its bold typography and playful message, commands respect for your creative space, keeping distractions at bay.<br /><br />Imagine this: You&#39;re meticulously icing a cake, your concentration at its peak, when a surprise visitor pops in, breaking your focus. With our kitchen sign hung on your door, it cheerfully proclaims - &#34;I&#39;m The Master Chef, And You&#39;re In My Dojo!&#34;<br /><br />This isn&#39;t just a sign; it&#39;s a declaration of your passion for cooking and a beacon that upholds the sanctity of your kitchen. Durable, beautifully designed, and effective, our &#34;6x8&#34; Ceramic kitchen sign is your partner in culinary creation.<br /><br />Embrace distraction-free cooking with our kitchen signs, and let the magic unfold, one recipe at a time.</p>
<p>Comes in Glossy or Matte.</p>",https://www.cookedsigns.com/store/p/kitchen-tile-9,https://images.squarespace-cdn.com/content/v1/644469d0ac4b291b67fdd802/1685649536041-7K0HXD0UH42Z5I0JE0RQ/b220b96655016fcd04cb4a888133e834 https://images.squarespace-cdn.com/content/v1/644469d0ac4b291b67fdd802/1685649540055-DC67V4U38MDNNLW8KTUB/c3cff481b18f38d50286b4078cc4f6c3 https://images.squarespace-cdn.com/content/v1/644469d0ac4b291b67fdd802/1685649540192-5JSJ4W3GKM8KL08XACX5/1ed40f19206a49cb3c89dfc038e4e00a https://images.squarespace-cdn.com/content/v1/644469d0ac4b291b67fdd802/1685649540313-I2A8QBFC57LAQXHGC6FV/5a29acd8dad751c203deeb340df5c201 https://images.squarespace-cdn.com/content/v1/644469d0ac4b291b67fdd802/1685649540840-H4NJXXHTM87LFCAUWLYO/abd764cfdd7302e379fc0448cd8991cd https://images.squarespace-cdn.com/content/v1/644469d0ac4b291b67fdd802/1685649542565-ZUN2GYNRZTY9YK7FKL3G/0a148a8995942a2d207f1e61d7f2e63c https://images.squarespace-cdn.com/content/v1/644469d0ac4b291b67fdd802/1685649543830-1C472XFBPVRBUHWF2JXE/b7652321de19dd9e87c1911aca4856d3 https://images.squarespace-cdn.com/content/v1/644469d0ac4b291b67fdd802/1685649543992-T6VQJMHPSE0YQ1W7WA9L/19dcad8b91e0cccc595e3513ad4e120f https://images.squarespace-cdn.com/content/v1/644469d0ac4b291b67fdd802/1685649544337-2B47BXQQ880PE1MT3P2M/36e53c2b21297ca2917eb65b76ba5028 https://images.squarespace-cdn.com/content/v1/644469d0ac4b291b67fdd802/1685649545195-DYXL96AE7KGLUEJ22R2O/ff61a8944445b0f86e979353b150cfa3,34.99,in stock,,,,,,,,,,,,,,,,
646810705a521e20c0b0b364,kitchen-tile-10,"<p>Introducing our &#34;6x8&#34; Ceramic kitchen sign, a playful yet practical addition to your culinary space. Crafted for passionate home cooks, this sign transforms your kitchen into a distraction-free zone where you create delicious masterpieces. Picture this: You&#39;re preparing a decadent sauce, stirring steadily. Suddenly, an interruption shifts your focus, and your sauce is seconds away from catastrophe. But, with our kitchen sign hanging, your space remains serene, allowing you to create uninterrupted.<br /><br />This kitchen sign, durable and eye-catching, broadcasts a whimsical message: &#34;Cooking Solo, No Sidekicks Allowed.&#34; It&#39;s more than a sign; it&#39;s a boundary-setter, a statement of your love for cooking, and a guarantee of peace in your culinary sanctuary.<br /><br />So, elevate your cooking experience with our &#34;6x8&#34; Ceramic kitchen sign. Bring fun, personality, and undisturbed creativity to your kitchen with this must-have decor.</p>
<p>Comes in Glossy or Matte.</p>",https://www.cookedsigns.com/store/p/kitchen-tile-10,https://images.squarespace-cdn.com/content/v1/644469d0ac4b291b67fdd802/1685649793464-7PU1G4570N17JJUVF01V/f1a4dc2319ee3b71f2efc2002e2b826a https://images.squarespace-cdn.com/content/v1/644469d0ac4b291b67fdd802/1685650036129-CUVF8B2880E5T1BVHKGK/36909e3fab2ea39812a7bda0435869df https://images.squarespace-cdn.com/content/v1/644469d0ac4b291b67fdd802/1685650037261-WX4JMQ3CJR0D75QBZ6YW/fc279ae34aa2bb07a0ad202741e9648c https://images.squarespace-cdn.com/content/v1/644469d0ac4b291b67fdd802/1685650037807-5XCMMDSG36EOBO9K7CW6/6fce31fd3cf4f60800f3b1e818bec33a https://images.squarespace-cdn.com/content/v1/644469d0ac4b291b67fdd802/1685650039588-NE8OLDELXUK7H4RIVL9W/e00117bd66ddf6bc6688812a5e9a6ed8 https://images.squarespace-cdn.com/content/v1/644469d0ac4b291b67fdd802/1685650040065-EAB8ESVJT5DLW5YR0PUI/0c73214f5ffba56b5a6b7b5556764247 https://images.squarespace-cdn.com/content/v1/644469d0ac4b291b67fdd802/1685650040603-FJULWAK4ERLUPTA9OHBW/9cf4d531a3da178dd3b84ab2abb3e8da https://images.squarespace-cdn.com/content/v1/644469d0ac4b291b67fdd802/1685650040699-ZQ9NMG8UFVIYGBA89JFC/def39fa8421f1b5210d01359d2968e4f https://images.squarespace-cdn.com/content/v1/644469d0ac4b291b67fdd802/1685650041489-8O9RRC8FQG5T67WEVY9M/73c581aaa194bbb3dcf2a3450cef1dca https://images.squarespace-cdn.com/content/v1/644469d0ac4b291b67fdd802/1685650042802-FE0VQUQUFSUTYFUGACW6/02568fc4258ae424690ccdd52c74ad59,34.99,in stock,,,,,,,,,,,,,,,,
6468102913d1d4552d8ebf6e,kitchen-tile-11,"<p>Meet our &#34;6x8&#34; Ceramic kitchen sign, the guardian of your culinary domain! Crafted from durable ceramic with a vibrant design, this sign isn&#39;t just home decor; it&#39;s a fun statement of your love for distraction-free cooking. Imagine preparing your signature dish, completely engrossed, when suddenly a distraction stirs the peace. With our kitchen sign proudly hung up, it boldly declares - &#34;Cooking Solo, No Sidekicks Allowed&#34;. The message is clear and playful, keeping your kitchen a haven of tranquility. This sign is the perfect blend of style and function, ready to elevate your cooking experience. Make room for our &#34;6x8&#34; Ceramic kitchen sign, and cook up a storm in peace!</p>
<p>Comes in Glossy or Matte.</p>",https://www.cookedsigns.com/store/p/kitchen-tile-11,https://images.squarespace-cdn.com/content/v1/644469d0ac4b291b67fdd802/1685650161637-VFO8D7WUL81PA3HUW7ZR/1c6fe872d68025827dfd1fdb26eba019 https://images.squarespace-cdn.com/content/v1/644469d0ac4b291b67fdd802/1685650164706-2N9W5L5R7LEWTEJ35JNI/28487ccf4bfc14d341038090415afcb5 https://images.squarespace-cdn.com/content/v1/644469d0ac4b291b67fdd802/1685650164849-IQFN0CU0HT5QVRN7EJUO/33c64698484f00076f1cf07fc743fe85 https://images.squarespace-cdn.com/content/v1/644469d0ac4b291b67fdd802/1685650165302-9QD0JJAVLFS6A7A9GH7Q/a661cd13bfafa4646b828055a3e529b6 https://images.squarespace-cdn.com/content/v1/644469d0ac4b291b67fdd802/1685650165646-CAUXML6L6SJWA2ZVDAMS/f8e426cc6cb07338c52c52bdbaa18734 https://images.squarespace-cdn.com/content/v1/644469d0ac4b291b67fdd802/1685650165781-HRYGG6W3GDLVMFIXX1AS/2163234a9420c8312c597752deddc2a5 https://images.squarespace-cdn.com/content/v1/644469d0ac4b291b67fdd802/1685650167522-EOHUZ685KZG6DVCDC0UW/0c9830c73a6cdacbb5b04d2760653b5c https://images.squarespace-cdn.com/content/v1/644469d0ac4b291b67fdd802/1685650167656-MH9BQDE3MVC9BVD4EZVF/f8746df7c52befecdb6477e1109edf37 https://images.squarespace-cdn.com/content/v1/644469d0ac4b291b67fdd802/1685650168457-XK780XOY4Y38VVOYUDL4/49b03a733f1011825e03d16d2efc695e https://images.squarespace-cdn.com/content/v1/644469d0ac4b291b67fdd802/1685650169229-OZAF4I9X5HFTUDH2II96/8ffb7b5ba2ca29e6b361baf5706c421c,34.99,in stock,,,,,,,,,,,,,,,,
6464237e47363a27d17ec563,kitchen-tile-12,"<p>Presenting our &#34;6x8&#34; Ceramic kitchen sign - a stylish and playful declaration of your kitchen&#39;s status as a distraction-free zone. Picture this: you&#39;re stirring a simmering pot when in walks a chatty visitor. But no more! With our vibrant kitchen sign asserting &#34;Cooking Solo, No Sidekicks Allowed.&#34;, your space becomes a fortress of creativity. This sign tells a fun story and sets the stage for uninterrupted cooking adventures.<br /><br />Crafted from durable ceramic, our kitchen sign marries function and fashion, making a statement and adding a sprinkle of character to your space. It&#39;s not just a decor piece; it&#39;s a commitment to protect your culinary realm from distractions. Experience the tranquility of cooking with our &#34;6x8&#34; Ceramic kitchen sign.</p>
<p>Comes in Glossy or Matte.</p>",https://www.cookedsigns.com/store/p/kitchen-tile-12,https://images.squarespace-cdn.com/content/v1/644469d0ac4b291b67fdd802/1685650384544-PO869GJNEK3A5L14O9MN/640724f382a0b6fa01c4a358b71b087e https://images.squarespace-cdn.com/content/v1/644469d0ac4b291b67fdd802/1685650387955-S0QLLE2OCTPI4F6ANS52/c4b7592bff6f3f58cd01a6487742b827 https://images.squarespace-cdn.com/content/v1/644469d0ac4b291b67fdd802/1685650388102-UPI8KK7391B8SQPNZLTD/bdd46782e065a551142b61c6452c4b22 https://images.squarespace-cdn.com/content/v1/644469d0ac4b291b67fdd802/1685650388150-G14HWQMIW549NP6FE5N7/df336b71f224fa712d86df857d1e7ba8 https://images.squarespace-cdn.com/content/v1/644469d0ac4b291b67fdd802/1685650389373-PWPO3BLLSW2WTA6ZZKLK/d262285cf74309464cfedd52ffc85914 https://images.squarespace-cdn.com/content/v1/644469d0ac4b291b67fdd802/1685650389673-6MXGK5WDV92K2P47KYPM/17e9a75dec325603596030a3a47fea1a https://images.squarespace-cdn.com/content/v1/644469d0ac4b291b67fdd802/1685650391422-DYGDKM3K3DFTN0PWMDIG/f4be197b1a627d8c3e0a75f3aa1fb6bf https://images.squarespace-cdn.com/content/v1/644469d0ac4b291b67fdd802/1685650391509-JQEGM3OPH0J0SC01HAJI/96e18d5f1317ccfbb68391d1b410446a https://images.squarespace-cdn.com/content/v1/644469d0ac4b291b67fdd802/1685650392479-9WQKAGZG7YRBOU2DK55L/7cd6a10cf0d7ba7a704122dcc70a144b https://images.squarespace-cdn.com/content/v1/644469d0ac4b291b67fdd802/1685650393436-G4R6WVFA0JDF6YBGQED4/91734f6bfa03d651d38772083df0e2b7,34.99,in stock,,,,,,,,,,,,,,,,