id,title,description,link,image_link,,variant_name,price,availability,google_product_category,product_type,condition,brand
"""6464237e47363a27d17ec563""","""kitchen-tile-12""","""<p class="""">Presenting our 6”x8"" Ceramic kitchen sign - a stylish and playful declaration of your kitchen's status as a distraction-free zone. Picture this: you're stirring a simmering pot when in walks a chatty visitor. But no more! With our vibrant kitchen sign asserting ""Cooking Solo, No Sidekicks Allowed."", your space becomes a fortress of creativity. This sign tells a fun story and sets the stage for uninterrupted cooking adventures.<br><br>Crafted from durable ceramic, our kitchen sign marries function and fashion, making a statement and adding a sprinkle of character to your space. It's not just a décor piece; it's a commitment to protect your culinary realm from distractions. Experience the tranquility of cooking with our 6”x8"" Ceramic kitchen sign.</p><p class="""">Comes in Glossy or Matte.</p>""","""Kitchen Tile # 12""","""https://images.squarespace-cdn.com/content/v1/644469d0ac4b291b67fdd802/1685751288871-E5XDJ5ZQCNEPET5ZLS1V/17e9a75dec325603596030a3a47fea1a"" ""https://images.squarespace-cdn.com/content/v1/644469d0ac4b291b67fdd802/1685751290342-YNVGOO4UVZR31MZXGDRY/f4be197b1a627d8c3e0a75f3aa1fb6bf"" ""https://images.squarespace-cdn.com/content/v1/644469d0ac4b291b67fdd802/1685751291319-3NLB1G07K0WWI52MJVF3/7cd6a10cf0d7ba7a704122dcc70a144b"" ""https://images.squarespace-cdn.com/content/v1/644469d0ac4b291b67fdd802/1685751291225-6NVGIPROWWF84E2GZ2BE/91734f6bfa03d651d38772083df0e2b7""",,"""Glossy""","""34.99USD""","""in stock""","""Home & Garden > Decor > Artwork > Posters, Prints, & Visual Artwork""","""Home Decor > Room Decor > Kitchen > Coffee Bar""","""new""","""Cooked Signs"""
,,,,,,"""Matte""","""34.99USD""","""in stock""","""Home & Garden > Decor > Artwork > Posters, Prints, & Visual Artwork""","""Home Decor > Room Decor > Kitchen > Coffee Bar""","""new""","""Cooked Signs"""
"""6468102913d1d4552d8ebf6e""","""kitchen-tile-11""","<p class="""">Meet our 6”x8"" Ceramic kitchen sign, the guardian of your culinary domain! Crafted from durable ceramic with a vibrant design, this sign isn't just home décor; it's a fun statement of your love for distraction-free cooking. Imagine preparing your signature dish, completely engrossed, when suddenly a distraction stirs the peace. With our kitchen sign proudly hung up, it boldly declares - ""Cooking Solo, No Sidekicks Allowed"". The message is clear and playful, keeping your kitchen a haven of tranquility. This sign is the perfect blend of style and function, ready to elevate your cooking experience. Make room for our 6”x8"" Ceramic kitchen sign, and cook up a storm in peace!</p><p class="""">Comes in Glossy or Matte.</p>","""Kitchen Tile # 11""","""https://images.squarespace-cdn.com/content/v1/644469d0ac4b291b67fdd802/1685751258151-THY6NSRXS5DS1PN5XYNE/f8e426cc6cb07338c52c52bdbaa18734"" ""https://images.squarespace-cdn.com/content/v1/644469d0ac4b291b67fdd802/1685751259622-HFP9L9BNSZVO8CFJEE32/0c9830c73a6cdacbb5b04d2760653b5c"" ""https://images.squarespace-cdn.com/content/v1/644469d0ac4b291b67fdd802/1685751259800-JQM88HEUXW8RCSX5C354/f8746df7c52befecdb6477e1109edf37"" 'https://images.squarespace-cdn.com/content/v1/644469d0ac4b291b67fdd802/1685751259879-E1SIPZS42YJW8SX6AQNK/8ffb7b5ba2ca29e6b361baf5706c421c""",,"""Glossy""","""34.99USD""","""in stock""","""Home & Garden > Decor > Artwork > Posters, Prints, & Visual Artwork""","""Home Decor > Room Decor > Kitchen > Coffee Bar""","""new""","""Cooked Signs"""
,,,,,,"""Matte""","""34.99USD""","""in stock""","""Home & Garden > Decor > Artwork > Posters, Prints, & Visual Artwork""","""Home Decor > Room Decor > Kitchen > Coffee Bar""","""new""","""Cooked Signs"""
"""646810705a521e20c0b0b364""","""kitchen-tile-10""","<p class="""">Introducing our 6”x8"" Ceramic kitchen sign, a playful yet practical addition to your culinary space. Crafted for passionate home cooks, this sign transforms your kitchen into a distraction-free zone where you create delicious masterpieces. Picture this: You're preparing a decadent sauce, stirring steadily. Suddenly, an interruption shifts your focus, and your sauce is seconds away from catastrophe. But, with our kitchen sign hanging, your space remains serene, allowing you to create uninterrupted.<br><br>This kitchen sign, durable and eye-catching, broadcasts a whimsical message: ""Cooking Solo, No Sidekicks Allowed."" It's more than a sign; it's a boundary-setter, a statement of your love for cooking, and a guarantee of peace in your culinary sanctuary.<br><br>So, elevate your cooking experience with our 6”x8"" Ceramic kitchen sign. Bring fun, personality, and undisturbed creativity to your kitchen with this must-have décor.</p><p class="""">Comes in Glossy or Matte.</p>","""Kitchen Tile # 10""",https://images.squarespace-cdn.com/content/v1/644469d0ac4b291b67fdd802/1685751274323-9D16KB0E5J35UGJR8OPP/0c73214f5ffba56b5a6b7b5556764247 https://images.squarespace-cdn.com/content/v1/644469d0ac4b291b67fdd802/1685751275826-NKG6LQ2K2M27BDIRDUY7/9cf4d531a3da178dd3b84ab2abb3e8da https://images.squarespace-cdn.com/content/v1/644469d0ac4b291b67fdd802/1685751276098-UTX8KUW1HTDJJAI4GJLK/73c581aaa194bbb3dcf2a3450cef1dca https://images.squarespace-cdn.com/content/v1/644469d0ac4b291b67fdd802/1685751276372-CNE7V4CAOVUQ8MIBE1KR/02568fc4258ae424690ccdd52c74ad59,,"""Glossy""","""34.99USD""","""in stock""","""Home & Garden > Decor > Artwork > Posters, Prints, & Visual Artwork""","""Home Decor > Room Decor > Kitchen > Coffee Bar""","""new""","""Cooked Signs"""
,,,,,,"""Matte""","""34.99USD""","""in stock""","""Home & Garden > Decor > Artwork > Posters, Prints, & Visual Artwork""","""Home Decor > Room Decor > Kitchen > Coffee Bar""","""new""","""Cooked Signs"""
"""646810b247363a27d180ef7c""","""kitchen-tile-9""","""<p class="""">Step into your culinary sanctuary with our 6”x8"" Ceramic kitchen sign, the guardian of your cooking adventures. This fun and vibrant sign, with its bold typography and playful message, commands respect for your creative space, keeping distractions at bay.<br><br>Imagine this: You're meticulously icing a cake, your concentration at its peak, when a surprise visitor pops in, breaking your focus. With our kitchen sign hung on your door, it cheerfully proclaims - ""I'm The Master Chef, And You're In My Dojo!""<br><br>This isn't just a sign; it's a declaration of your passion for cooking and a beacon that upholds the sanctity of your kitchen. Durable, beautifully designed, and effective, our 6”x8"" Ceramic kitchen sign is your partner in culinary creation.<br><br>Embrace distraction-free cooking with our kitchen signs, and let the magic unfold, one recipe at a time.</p><p class="""">Comes in Glossy or Matte.</p>""","""Kitchen Tile # 9""","""https://images.squarespace-cdn.com/content/v1/644469d0ac4b291b67fdd802/1685751306620-D1EO1I8WJHYCQZALUX5G/5a29acd8dad751c203deeb340df5c201"" ""https://images.squarespace-cdn.com/content/v1/644469d0ac4b291b67fdd802/1685751308500-D8HYT4URYELP88Y8CDWA/19dcad8b91e0cccc595e3513ad4e120f"" ""https://images.squarespace-cdn.com/content/v1/644469d0ac4b291b67fdd802/1685751308825-NOB0JVGO1WWTM41A5DW9/ff61a8944445b0f86e979353b150cfa3"" ""https://images.squarespace-cdn.com/content/v1/644469d0ac4b291b67fdd802/1685751309543-W4QQJVATGAHF3QOH663A/36e53c2b21297ca2917eb65b76ba5028""",,"""Glossy""","""34.99USD""","""in stock""","""Home & Garden > Decor > Artwork > Posters, Prints, & Visual Artwork""","""Home Decor > Room Decor > Kitchen > Coffee Bar""","""new""","""Cooked Signs"""
,,,,,,"""Matte""","""34.99USD""","""in stock""","""Home & Garden > Decor > Artwork > Posters, Prints, & Visual Artwork""","""Home Decor > Room Decor > Kitchen > Coffee Bar""","""new""","""Cooked Signs"""
"""6468112413d1d4552d8ebff7""","""kitchen-tile-8""","<p class="""">Welcome to our 6”x8"" Ceramic kitchen sign - your ticket to a distraction-free culinary experience! Crafted with care and charm, this sign is the perfect addition to your kitchen decor. Picture this: as you're crafting your signature dish, the door swings open, breaking your concentration. No more! With our sign proudly displayed, it subtly yet clearly states - ""I'm The Master Chef, And You're In My Dojo!"" This amusing message keeps your space protected, allowing you to whisk, blend, and bake in peace.<br><br>Crafted from durable Ceramic with a design that brings a smile to your face, our 6”x8"" Ceramic kitchen sign isn't just a décor item; it's your personal kitchen guard. Enhance your cooking space with our fun, distraction-deterrent kitchen signs today!</p><p class="""">Comes in Glossy or Matte.</p>","""Kitchen Tile # 8""",https://images.squarespace-cdn.com/content/v1/644469d0ac4b291b67fdd802/1685751319654-RWYUN6RLAXZYIJRP9RLS/4e03574913468cb5153a517909be4cf4 https://images.squarespace-cdn.com/content/v1/644469d0ac4b291b67fdd802/1685751321523-6WSP5NPIP2KRLW3OIB61/ce23b8ef6833a40679d3610a8078c2af https://images.squarespace-cdn.com/content/v1/644469d0ac4b291b67fdd802/1685751322052-OC9NJPV47WRJ3RIHV52A/c91bf6b9318ff302b0da25a5e6fb7cf4 https://images.squarespace-cdn.com/content/v1/644469d0ac4b291b67fdd802/1685751322223-0OZLD30DMG72RPHB4B7X/84c68681905dc1eeec857acd1b2d9e10,,"""Glossy""","""34.99USD""","""in stock""","""Home & Garden > Decor > Artwork > Posters, Prints, & Visual Artwork""","""Home Decor > Room Decor > Kitchen > Coffee Bar""","""new""","""Cooked Signs"""
,,,,,,"""Matte""","""34.99USD""","""in stock""","""Home & Garden > Decor > Artwork > Posters, Prints, & Visual Artwork""","""Home Decor > Room Decor > Kitchen > Coffee Bar""","""new""","""Cooked Signs"""
"""646811495a521e20c0b0b3c7""","""kitchen-tile-6""","<p class="""">Meet our 6”x8"" Ceramic kitchen sign, a charming protector of your cooking focus. Picture this: you're crafting your grandmother's famous apple pie when an unsuspecting family member saunters in, disturbing your cooking rhythm. But, with our kitchen sign mounted in place, a polite yet playful reminder greets them: ""Master Chef At Work, Get Out!"" With this sign, your kitchen becomes a serene sanctuary for your delicious adventures.<br><br>Made from high-quality Ceramic and featuring vibrant, eye-catching design, our kitchen sign perfectly marries style and practicality. It's more than décor - it's a declaration of your passion for cooking and the sanctity of your creative space.<br><br>Embrace distraction-free cooking with our 6”x8"" kitchen sign. This isn't just a product; it's a ticket to tranquility.</p><p class="""">Comes in Glossy or Matte.</p>","""Kitchen Tile # 6""","""https://images.squarespace-cdn.com/content/v1/644469d0ac4b291b67fdd802/1685751523479-Q5B37U0JGWEWLG365I7N/d3ed2750d34a40873721c83481f11f0b"" ""https://images.squarespace-cdn.com/content/v1/644469d0ac4b291b67fdd802/1685751524984-NIAI7JL4X5I6KAYZI5Y4/ceaeff3953f8d1b0e93b0b15b5365659"" ""https://images.squarespace-cdn.com/content/v1/644469d0ac4b291b67fdd802/1685751525211-PQZDG4WI53XZ705ZI1LM/ec5a83843ef562bbc0e5a3c49e9d8b9d"" ""https://images.squarespace-cdn.com/content/v1/644469d0ac4b291b67fdd802/1685751525431-B5Y20GIIM3XSQOD9LCZI/d545d5480ca3729f5ac15bdeaf76b034""",,"""Glossy""","""34.99USD""","""in stock""","""Home & Garden > Decor > Artwork > Posters, Prints, & Visual Artwork""","""Home Decor > Room Decor > Kitchen > Coffee Bar""","""new""","""Cooked Signs"""
,,,,,,"""Matte""","""34.99USD""","""in stock""","""Home & Garden > Decor > Artwork > Posters, Prints, & Visual Artwork""","""Home Decor > Room Decor > Kitchen > Coffee Bar""","""new""","""Cooked Signs"""
"""64681165c78528340713ab2f""","""kitchen-tile-7""","""<p class="""">Discover the charm of distraction-free cooking with our 6”x8"" Ceramic kitchen sign. Crafted with humor and heart, this sign transforms your kitchen into a sanctuary for culinary creativity.<br><br>Picture this: you're whipping up a culinary masterpiece, the secret family recipe. Suddenly, a friendly intruder interrupts your concentration. But with our vibrant kitchen sign on your door, interruptions become a thing of the past. Its playful message, ""I'm The Master Chef, And You're In My Dojo"", guarantees your peaceful cooking experience.<br><br>Our kitchen sign is not just a piece of décor, it's a statement, a guardian of your cooking zone, ensuring your gastronomic adventures continue undisturbed.<br><br>Upgrade your kitchen experience with our 6”x8"" Ceramic kitchen sign. Celebrate the joy of distraction-free cooking!</p><p class="""">Comes in Glossy or Matte.</p>""","""Kitchen Tile # 7""",https://images.squarespace-cdn.com/content/v1/644469d0ac4b291b67fdd802/1685751339228-WVCO30WOIFQCR2LFP68E/60e473f021c1dd42c041de80c00bf9ee https://images.squarespace-cdn.com/content/v1/644469d0ac4b291b67fdd802/1685751341146-PVBDAKEHYZMQYV95MSZQ/187b4ad0cc8ae2e33f50941b311a9d4b https://images.squarespace-cdn.com/content/v1/644469d0ac4b291b67fdd802/1685751341167-HMGKR5IA68PSUAQXJ7VU/78320ff12a8f6e215b83d5f732f5b77f https://images.squarespace-cdn.com/content/v1/644469d0ac4b291b67fdd802/1685751341237-9IZKIHL6R0MZ24R8V37E/89a1d6bd3f0d2db339bfcbb65421251f,,"""Glossy""","""34.99USD""","""in stock""","""Home & Garden > Decor > Artwork > Posters, Prints, & Visual Artwork""","""Home Decor > Room Decor > Kitchen > Coffee Bar""","""new""","""Cooked Signs"""
,,,,,,"""Matte""","""34.99USD""","""in stock""","""Home & Garden > Decor > Artwork > Posters, Prints, & Visual Artwork""","""Home Decor > Room Decor > Kitchen > Coffee Bar""","""new""","""Cooked Signs"""
"""6468117947363a27d180efc6""","""kitchen-tile-5""","""<p class="""">Introducing our dynamic 6”x8"" Ceramic kitchen sign, your guardian against distractions. This charming kitchen decor creates a space where your culinary creations can come to life, undisturbed.<br><br>Picture this: just as your secret sauce reaches its simmering point, a distraction swoops in, interrupting your culinary symphony. Our kitchen sign, with its playful proclamation - ""Master Chef At Work, Get Out!"" - saves the day. Suddenly, your kitchen transforms into a tranquil zone, where your spicy genius flows freely.<br><br>Expertly crafted from durable Ceramic, this kitchen sign marries functionality and flair. More than a sign, it's your culinary boundary, a fun statement asserting your space as a distraction-free haven.<br><br>Ready to elevate your cooking experience? Invite our 6”x8"" Ceramic kitchen sign into your home.</p><p class="""">Comes in Glossy or Matte.</p>""","""Kitchen Tile # 5""","""https://images.squarespace-cdn.com/content/v1/644469d0ac4b291b67fdd802/1685751353391-NMR8DOFHWC1ATX2U72DA/b205d62fdba29679168610452758dcf4"" ""https://images.squarespace-cdn.com/content/v1/644469d0ac4b291b67fdd802/1685751355548-X2XI93W8UW0K57O8OZQC/2899a1d21ae32d0e91b90af8225f0b1f"" ""https://images.squarespace-cdn.com/content/v1/644469d0ac4b291b67fdd802/1685751355780-9NX6FJXR69PR3G2VJIRJ/3cf47c8f7035fa0411435c5cd6240933"" ""https://images.squarespace-cdn.com/content/v1/644469d0ac4b291b67fdd802/1685751357208-82F7QTHKQXL8K7MO4W0W/1cfc043c0e29376a8fbff6d5bddaa3ce""",,"""Glossy""","""34.99USD""","""in stock""","""Home & Garden > Decor > Artwork > Posters, Prints, & Visual Artwork""","""Home Decor > Room Decor > Kitchen > Coffee Bar""","""new""","""Cooked Signs"""
,,,,,,"""Matte""","""34.99USD""","""in stock""","""Home & Garden > Decor > Artwork > Posters, Prints, & Visual Artwork""","""Home Decor > Room Decor > Kitchen > Coffee Bar""","""new""","""Cooked Signs"""
"""646811985a521e20c0b0b426""","""kitchen-tile-4""","""<p class="""">Unveiling our lively 6”x8"" Ceramic kitchen sign - your charming solution for a distraction-free culinary haven! Imagine crafting a gourmet feast, when suddenly, a mischievous BFF trots in, upsetting your culinary groove. That's where our sign saves the day! With its friendly but firm message, ""Master Chef At Work, Get Out!"", it declares your kitchen a serene creative sanctuary.<br><br>Crafted with premium Ceramic, this kitchen sign is a blend of style and practicality, adding a splash of personality to your space. The vibrant design captures attention, and the message brings a smile, yet maintains your kitchen's peace.</p><p class=""""><br>So, if you're ready to reclaim your kitchen focus, let our 6”x8"" kitchen sign be your charming guardian. Cook, create, and enjoy the peace!</p><p class="""">Comes in Glossy or Matte.</p>""","""Kitchen Tile # 4""",https://images.squarespace-cdn.com/content/v1/644469d0ac4b291b67fdd802/1685751374387-OJD2GWK91MC9ER0YZPS0/16b6f5eee34e1aedbdce53258a54bfd0 https://images.squarespace-cdn.com/content/v1/644469d0ac4b291b67fdd802/1685751376373-FVKC5K72QK7GJBD9JXVH/d988101f961cc52047309ec9047f36d6 https://images.squarespace-cdn.com/content/v1/644469d0ac4b291b67fdd802/1685751376258-UA1XI836UWX1QHQA8ZL3/6ae24f91a6fa8604164c1427b397af0b https://images.squarespace-cdn.com/content/v1/644469d0ac4b291b67fdd802/1685751376601-MFZ4GGQRHV70R8AZPE4V/28d6f20d4faef45feade0a05ef2792b4,,"""Glossy""","""34.99USD""","""in stock""","""Home & Garden > Decor > Artwork > Posters, Prints, & Visual Artwork""","""Home Decor > Room Decor > Kitchen > Coffee Bar""","""new""","""Cooked Signs"""
,,,,,,"""Matte""","""34.99USD""","""in stock""","""Home & Garden > Decor > Artwork > Posters, Prints, & Visual Artwork""","""Home Decor > Room Decor > Kitchen > Coffee Bar""","""new""","""Cooked Signs"""
"""646811b3c78528340713ab4d""","""kitchen-tile-3""","""<p class="""">Introducing our 6”x8"" Ceramic kitchen sign, a quintessential accessory for the passionate cook seeking a distraction-free kitchen. Imagine being mid-recipe, your kitchen humming with the rhythm of cooking, and a jovial interruption shifts your focus. Not with our sign at your door! This clever and playful placard reads, ""This Kitchen Is My Kingdom, And You Are Banished!"" A fun, firm reminder that your kitchen is your sanctuary during meal creation.<br><br>Crafted with durable Ceramic, this sign boasts a vibrant design that adds a dash of charm to your kitchen. It serves not just as a décor piece, but as a guardian of your cooking focus, enhancing your culinary journey.<br><br>With this 6x8"" kitchen sign, transform your cooking space into a serene culinary haven. Order now and celebrate your passion for distraction-free cooking.</p><p class="""">Comes in Glossy or Matte.</p>""","""Kitchen Tile # 3""","""https://images.squarespace-cdn.com/content/v1/644469d0ac4b291b67fdd802/1685751394606-6TP927TOQ2TYRNXGJD36/b41568c52f54f1b03c2b63d5af1d1051"" ""https://images.squarespace-cdn.com/content/v1/644469d0ac4b291b67fdd802/1685751396177-M67OPN2Z0A8XAEA6R30A/84c14b0ad288643fe8e78ae2aaf3b6d1"" ""https://images.squarespace-cdn.com/content/v1/644469d0ac4b291b67fdd802/1685751396510-KRBZ51QBA59NEM7LRX4Y/e06811445d5914f6e7d13d220a4a0d0b"" ""https://images.squarespace-cdn.com/content/v1/644469d0ac4b291b67fdd802/1685751397101-GK5OGQVM5L8MU39NU2KM/7c60add111e070cca7098c8566b64674""",,"""Glossy""","""34.99USD""","""in stock""","""Home & Garden > Decor > Artwork > Posters, Prints, & Visual Artwork""","""Home Decor > Room Decor > Kitchen > Coffee Bar""","""new""","""Cooked Signs"""
,,,,,,"""Matte""","""34.99USD""","""in stock""","""Home & Garden > Decor > Artwork > Posters, Prints, & Visual Artwork""","""Home Decor > Room Decor > Kitchen > Coffee Bar""","""new""","""Cooked Signs"""
"""646811ce5a521e20c0b0b43a""","""kitchen-tile-1""","""<p class="""">Introducing our 6”x8"" Ceramic Kitchen Sign - your culinary companion! In a bustling kitchen, it's easy for your culinary creativity to be disrupted. That's where our sign steps in. Picture this: as you're in the middle of crafting your signature dish, a mischievous partner waltzes in. But hang on, they spot the kitchen sign! With a playful design and a firm message - ""This Kitchen Is My Kingdom, And You Are Banished!"", they retreat, leaving you in your creative bubble.<br><br>Crafted with durability and style in mind, this sign adds character to your kitchen and sets the tone for a distraction-free zone. Welcome this kitchen sign to your home and elevate your cooking experience to the next level.</p><p class="""">Comes in Glossy or Matte.</p>""","""Kitchen Tile #1""","""https://images.squarespace-cdn.com/content/v1/644469d0ac4b291b67fdd802/1685751496389-AV1USKM0NLVPW1R1OH17/5036ea8ca0d1f2c8e49847bc70df4106"" ""https://images.squarespace-cdn.com/content/v1/644469d0ac4b291b67fdd802/1685751497984-JC4UIQDGBGZM6OJ3LZ0P/706b4937c13d5f923e81178a9f7110cd"" ""https://images.squarespace-cdn.com/content/v1/644469d0ac4b291b67fdd802/1685751498490-VJ9N5ATBPITM5OI3IYQH/5f869fb3603f86e5bbe3aa7d6bed0508"" ""https://images.squarespace-cdn.com/content/v1/644469d0ac4b291b67fdd802/1685751498632-O2J2SWC5SH7TGTPMSAFV/7cae92ae9311986ce124eb573ed16a7d""",,"""Glossy""","""34.99USD""","""in stock""","""Home & Garden > Decor > Artwork > Posters, Prints, & Visual Artwork""","""Home Decor > Room Decor > Kitchen > Coffee Bar""","""new""","""Cooked Signs"""
,,,,,,"""Matte""","""34.99USD""","""in stock""","""Home & Garden > Decor > Artwork > Posters, Prints, & Visual Artwork""","""Home Decor > Room Decor > Kitchen > Coffee Bar""","""new""","""Cooked Signs"""
"""646812275a521e20c0b0b44f""","""kitchen-tile-2""","""<p class="""">Meet our 6”x8"" Ceramic kitchen sign, a stylish and playful décor item designed to ensure your kitchen remains a haven for culinary creativity. Just when you're conjuring up your signature dish, this sign steps in to keep distractions at bay.<br><br>Picture this: you're prepping a perfect Thanks Giving Turkey, then comes a friendly intruder, throwing you off track. Not with this sign! Its vibrant design and cheeky message - ""This Kitchen Is My Kingdom, And You Are Banished!"" - keeps your kitchen a tranquil space for you to weave your delicious magic.<br><br>Crafted with high-quality Ceramic, this kitchen sign fuses functionality with style. Not only a décor piece, it's also a bold assertion that your kitchen is a distraction-free zone.<br><br>Take your cooking experience a notch higher with our 6”x8"" kitchen sign.</p><p class="""">Comes in Glossy or Matte.</p>""","""Kitchen Tile # 2""","""https://images.squarespace-cdn.com/content/v1/644469d0ac4b291b67fdd802/1685751415212-A0MKDFK7KMGR1S8NOHVH/de56b385e149ab5ef1a2b42b6ecc7009"" ""https://images.squarespace-cdn.com/content/v1/644469d0ac4b291b67fdd802/1685751416738-4TVYR5YW8GV9CRHTCIQA/5c547bc5bda8a16165ede6551e6b14a8"" ""https://images.squarespace-cdn.com/content/v1/644469d0ac4b291b67fdd802/1685751416993-VDMYY1AEBX8XYOKOMG03/939a752c0e52995c68564af38e55fd69"" ""https://images.squarespace-cdn.com/content/v1/644469d0ac4b291b67fdd802/1685751417305-01TU05DCXYDTJQ06NLKE/48d275e491dfe0e3435830894ec5e49e""",,"""Glossy""","""34.99USD""","""in stock""","""Home & Garden > Decor > Artwork > Posters, Prints, & Visual Artwork""","""Home Decor > Room Decor > Kitchen > Coffee Bar""","""new""","""Cooked Signs"""
,,,,,,"""Matte""","""34.99USD""","""in stock""","""Home & Garden > Decor > Artwork > Posters, Prints, & Visual Artwork""","""Home Decor > Room Decor > Kitchen > Coffee Bar""","""new""","""Cooked Signs"""
"""647a81f22a92273f1845b61f""","""custom-kitchen-tile-1""","""<p>Get ready to fall in love with our delightfully playful 6&#34;x8&#34; ceramic kitchen signs. Designed to make your cooking space peaceful; these signs skillfully prompt any distraction-causing individuals to exit.</p>
<p>Imagine the surprise on guests&#39; faces when they see your personalized name and a gentle reminder: &#34;[Your Name]&#39;s Kitchen, Stay Out!&#34; These unique kitchen signs enhance your kitchen decor and keep your culinary haven serene. It&#39;s the perfect way to tell your kitchen story while keeping distractions at bay!</p>
<p>But wait, there&#39;s more! Our kitchen signs offer you the unique opportunity to add your personal touch. Customize your kitchen sign with your first name, letting everyone know, &#34;This is MY kitchen!&#34;</p>""","""Custom Kitchen Tile # 1""","""https://images.squarespace-cdn.com/content/v1/644469d0ac4b291b67fdd802/1686261750853-BTAJBKP1BCGGW5FX6SAX/139341720250a35c33ebef62bccd6c6c"" ""https://images.squarespace-cdn.com/content/v1/644469d0ac4b291b67fdd802/1686261781343-SSS6PYA0LTMXIK7JNK6Z/29cee05e8d37d1f625540812aad413f2"" ""https://images.squarespace-cdn.com/content/v1/644469d0ac4b291b67fdd802/1686261781145-8O3GPQT5EVHWO5AVJCT1/3743e70bab0dd9d92a8bfd7120f56cfe"" ""https://images.squarespace-cdn.com/content/v1/644469d0ac4b291b67fdd802/1686261781404-UTSCCQPHOPQ24KREGDJE/107e2d6cdff624022c770ce2a9f191a4""",,"""Glossy""","""39.99USD""","""in stock""","""Home & Garden > Decor > Artwork > Posters, Prints, & Visual Artwork""","""Home Decor > Room Decor > Kitchen > Coffee Bar""","""new""","""Cooked Signs"""
,,,,,,"""Matte""","""39.99USD""","""in stock""","""Home & Garden > Decor > Artwork > Posters, Prints, & Visual Artwork""","""Home Decor > Room Decor > Kitchen > Coffee Bar""","""new""","""Cooked Signs"""
"""647a82b0cd6f6913e46896e5""","""custom-kitchen-tile-2""","""<p>Meet our charming 6&#34;x8&#34; ceramic kitchen signs, your secret weapon to a distraction-free cooking haven! With a story as fun as its design, these signs have a knack for ushering away kitchen intruders. Picture this: your friends walk into your kitchen, only to be greeted with a customized sign saying, &#34;[Your Name]&#39;s Kitchen Stay Out!&#34; It&#39;s fun and personal, and it subtly sets the boundaries. Our Kitchen Signs are more than decor; they&#39;re guardians of your culinary sanctuary. So, when it&#39;s about kitchen signs that resonate with you, we&#39;ve got you covered!</p>""","""Custom Kitchen Tile # 2""","""https://images.squarespace-cdn.com/content/v1/644469d0ac4b291b67fdd802/1686677350732-CPTN07455ONKNB7RJ8ML/b99802e505a84c602a5c21afd11e7043"" ""https://images.squarespace-cdn.com/content/v1/644469d0ac4b291b67fdd802/1686677637728-IE6XYCB0EUDJEPSTG2JI/7740dcefc93b89d763873ce6238899bd"" ""https://images.squarespace-cdn.com/content/v1/644469d0ac4b291b67fdd802/1686677638582-7QOLCD2F2LEQ97X33V9D/c06492831614415e624bb2a63fbc5bed"" ""https://images.squarespace-cdn.com/content/v1/644469d0ac4b291b67fdd802/1686677638847-G29YVWHPMELLIVI0K1WW/84386b966f5485cff9826e3c1d2ec0cc""",,"""Glossy""","""39.99USD""","""in stock""","""Home & Garden > Decor > Artwork > Posters, Prints, & Visual Artwork""","""Home Decor > Room Decor > Kitchen > Coffee Bar""","""new""","""Cooked Signs"""
,,,,,,"""Matte""","""39.99USD""","""in stock""","""Home & Garden > Decor > Artwork > Posters, Prints, & Visual Artwork""","""Home Decor > Room Decor > Kitchen > Coffee Bar""","""new""","""Cooked Signs"""
"""647a83442a92273f1845b68b""","""custom-kitchen-tile-3""","""<p>Ready for a giggle? Our 6&#34;x8&#34; ceramic kitchen signs add fun to your kitchen, ensuring it remains a peaceful haven. Imagine this - your sign playfully telling friends, &#34;[Your Name]&#39;s Kitchen Stay Out!&#34; Your guests will enjoy the charm and cheeky humour, adding sparkle to your cooking escapades. With your personalized sign, your space gets a vibrant personality while staying distraction-free. Search no more for the perfect kitchen signs - ours are unique, fun, and totally you. Your kitchen, your rules, and now, your sign too!</p>""","""Custom Kitchen Tile # 3""","""https://images.squarespace-cdn.com/content/v1/644469d0ac4b291b67fdd802/1686261846554-EAFPW108AW7E758H9OIB/3d260141acfab7c356b05645781ee616"" ""https://images.squarespace-cdn.com/content/v1/644469d0ac4b291b67fdd802/1686261849733-OSSGAGQ1M8KXQ0V0S2VA/f0f7c16a11a0b1681e3eff298b8b0b34"" ""https://images.squarespace-cdn.com/content/v1/644469d0ac4b291b67fdd802/1686261849714-JGM7EGWZ22I6JLZKCY98/535c59a3235d4134d651da4d693bd3e8"" ""https://images.squarespace-cdn.com/content/v1/644469d0ac4b291b67fdd802/1686261850063-BKN377CCWMB3ZI17Q4AE/35172039917e72e75b6c03a7e54b6d41""",,"""Glossy""","""39.99USD""","""in stock""","""Home & Garden > Decor > Artwork > Posters, Prints, & Visual Artwork""","""Home Decor > Room Decor > Kitchen > Coffee Bar""","""new""","""Cooked Signs"""
,,,,,,"""Matte""","""39.99USD""","""in stock""","""Home & Garden > Decor > Artwork > Posters, Prints, & Visual Artwork""","""Home Decor > Room Decor > Kitchen > Coffee Bar""","""new""","""Cooked Signs"""
