id,title,description,link,image_link,price,availability,item_group_id,variant_name,variant_value,condition,google_product_category,product_type,additional_image_link,sale_price,brand,gender,age_group,size,size_type,shipping,custom_label_0,adwords_redirect
Any ID number of your choosing or the ID used by your checkout system),The name of the product,Describe the product ,URL of your product page,URL of your product's main image,price,in stock,"If you have different types of groups, create a group eg.  T-Shirts/Tops ","E.g.: Color, Size","E.g.: Red, Small",new,Pick the most similar category from the list ,Pick from Pinterest Ad Creator's Interests,URL of other product image,,brand ,leave blank if not applicable ,leave blank if not applicable ,leave blank if not applicable ,leave blank if not applicable ,add what your shipping policy OR a link to your shipping policy,leave blank if not applicable ,leave blank if not applicable 
6464237e47363a27d17ec563,Kitchen Tile # 12,"<p>Presenting our &#34;6x8&#34; Ceramic kitchen sign - a stylish and playful declaration of your kitchen&#39;s status as a distraction-free zone. Picture this: you&#39;re stirring a simmering pot when in walks a chatty visitor. But no more! With our vibrant kitchen sign asserting &#34;Cooking Solo, No Sidekicks Allowed.&#34;, your space becomes a fortress of creativity. This sign tells a fun story and sets the stage for uninterrupted cooking adventures.<br /><br />Crafted from durable ceramic, our kitchen sign marries function and fashion, making a statement and adding a sprinkle of character to your space. It&#39;s not just a decor piece; it&#39;s a commitment to protect your culinary realm from distractions. Experience the tranquility of cooking with our &#34;6x8&#34; Ceramic kitchen sign.</p>
<p>Comes in Glossy or Matte.</p>",https://www.cookedsigns.com/store/p/kitchen-tile-12,https://images.squarespace-cdn.com/content/v1/644469d0ac4b291b67fdd802/1685751288871-E5XDJ5ZQCNEPET5ZLS1V/17e9a75dec325603596030a3a47fea1a,34.99USD,in stock,,"6""x8""",,new,"Home & Garden > Decor > Artwork > Posters, Prints, & Visual Artwork",Home Decor > Room Decor > Kitchen > Coffee Bar,https://images.squarespace-cdn.com/content/v1/644469d0ac4b291b67fdd802/1685751290342-YNVGOO4UVZR31MZXGDRY/f4be197b1a627d8c3e0a75f3aa1fb6bf https://images.squarespace-cdn.com/content/v1/644469d0ac4b291b67fdd802/1685751291048-QVKTD9Q72N6W12AVKELT/96e18d5f1317ccfbb68391d1b410446a https://images.squarespace-cdn.com/content/v1/644469d0ac4b291b67fdd802/1685751291225-6NVGIPROWWF84E2GZ2BE/91734f6bfa03d651d38772083df0e2b7 https://images.squarespace-cdn.com/content/v1/644469d0ac4b291b67fdd802/1685751291319-3NLB1G07K0WWI52MJVF3/7cd6a10cf0d7ba7a704122dcc70a144b https://images.squarespace-cdn.com/content/v1/644469d0ac4b291b67fdd802/1685751291795-I0ACFWX5AVV621TXCG9Q/640724f382a0b6fa01c4a358b71b087e https://images.squarespace-cdn.com/content/v1/644469d0ac4b291b67fdd802/1685751292517-V3O8RWG3OBMUOQN5HFZ4/c4b7592bff6f3f58cd01a6487742b827 https://images.squarespace-cdn.com/content/v1/644469d0ac4b291b67fdd802/1685751293057-JN9HUOE33EEU8MKZKPYA/d262285cf74309464cfedd52ffc85914 https://images.squarespace-cdn.com/content/v1/644469d0ac4b291b67fdd802/1685751293300-2ECL2EDCUCVX8M0FRMU6/bdd46782e065a551142b61c6452c4b22 https://images.squarespace-cdn.com/content/v1/644469d0ac4b291b67fdd802/1685751294024-NCCHF4IKO4EW0LOT1QTM/df336b71f224fa712d86df857d1e7ba8,,,,,,,,,
6468102913d1d4552d8ebf6e,Kitchen Tile # 11,"<p>Meet our &#34;6x8&#34; Ceramic kitchen sign, the guardian of your culinary domain! Crafted from durable ceramic with a vibrant design, this sign isn&#39;t just home decor; it&#39;s a fun statement of your love for distraction-free cooking. Imagine preparing your signature dish, completely engrossed, when suddenly a distraction stirs the peace. With our kitchen sign proudly hung up, it boldly declares - &#34;Cooking Solo, No Sidekicks Allowed&#34;. The message is clear and playful, keeping your kitchen a haven of tranquility. This sign is the perfect blend of style and function, ready to elevate your cooking experience. Make room for our &#34;6x8&#34; Ceramic kitchen sign, and cook up a storm in peace!</p>
<p>Comes in Glossy or Matte.</p>",https://www.cookedsigns.com/store/p/kitchen-tile-11,https://images.squarespace-cdn.com/content/v1/644469d0ac4b291b67fdd802/1685751258151-THY6NSRXS5DS1PN5XYNE/f8e426cc6cb07338c52c52bdbaa18734,34.99USD,in stock,,"6""x8""",,new,"Home & Garden > Decor > Artwork > Posters, Prints, & Visual Artwork",Home Decor > Room Decor > Kitchen > Coffee Bar,https://images.squarespace-cdn.com/content/v1/644469d0ac4b291b67fdd802/1685751259622-HFP9L9BNSZVO8CFJEE32/0c9830c73a6cdacbb5b04d2760653b5c https://images.squarespace-cdn.com/content/v1/644469d0ac4b291b67fdd802/1685751259800-JQM88HEUXW8RCSX5C354/f8746df7c52befecdb6477e1109edf37 https://images.squarespace-cdn.com/content/v1/644469d0ac4b291b67fdd802/1685751259879-E1SIPZS42YJW8SX6AQNK/8ffb7b5ba2ca29e6b361baf5706c421c https://images.squarespace-cdn.com/content/v1/644469d0ac4b291b67fdd802/1685751260613-LMP43L6BXJ884YEUNDXV/49b03a733f1011825e03d16d2efc695e https://images.squarespace-cdn.com/content/v1/644469d0ac4b291b67fdd802/1685751260987-PP4ZS9K6KVT3XBDP5G1D/1c6fe872d68025827dfd1fdb26eba019 https://images.squarespace-cdn.com/content/v1/644469d0ac4b291b67fdd802/1685751261304-GDM6I3JZUIWAVOOFEH3D/33c64698484f00076f1cf07fc743fe85 https://images.squarespace-cdn.com/content/v1/644469d0ac4b291b67fdd802/1685751261407-9O97S8NNL3IC6EX93MTR/28487ccf4bfc14d341038090415afcb5 https://images.squarespace-cdn.com/content/v1/644469d0ac4b291b67fdd802/1685751261995-12FVZQ8F07SS2I318GJR/2163234a9420c8312c597752deddc2a5 https://images.squarespace-cdn.com/content/v1/644469d0ac4b291b67fdd802/1685751262578-8UQNVTC3U4XKN8YVHCGV/a661cd13bfafa4646b828055a3e529b6,,,,,,,,,
646810705a521e20c0b0b364,Kitchen Tile # 10,"<p>Introducing our &#34;6x8&#34; Ceramic kitchen sign, a playful yet practical addition to your culinary space. Crafted for passionate home cooks, this sign transforms your kitchen into a distraction-free zone where you create delicious masterpieces. Picture this: You&#39;re preparing a decadent sauce, stirring steadily. Suddenly, an interruption shifts your focus, and your sauce is seconds away from catastrophe. But, with our kitchen sign hanging, your space remains serene, allowing you to create uninterrupted.<br /><br />This kitchen sign, durable and eye-catching, broadcasts a whimsical message: &#34;Cooking Solo, No Sidekicks Allowed.&#34; It&#39;s more than a sign; it&#39;s a boundary-setter, a statement of your love for cooking, and a guarantee of peace in your culinary sanctuary.<br /><br />So, elevate your cooking experience with our &#34;6x8&#34; Ceramic kitchen sign. Bring fun, personality, and undisturbed creativity to your kitchen with this must-have decor.</p>
<p>Comes in Glossy or Matte.</p>",https://www.cookedsigns.com/store/p/kitchen-tile-10,https://images.squarespace-cdn.com/content/v1/644469d0ac4b291b67fdd802/1685751274323-9D16KB0E5J35UGJR8OPP/0c73214f5ffba56b5a6b7b5556764247,34.99USD,in stock,,"6""x8""",,new,"Home & Garden > Decor > Artwork > Posters, Prints, & Visual Artwork",Home Decor > Room Decor > Kitchen > Coffee Bar,https://images.squarespace-cdn.com/content/v1/644469d0ac4b291b67fdd802/1685751275826-NKG6LQ2K2M27BDIRDUY7/9cf4d531a3da178dd3b84ab2abb3e8da https://images.squarespace-cdn.com/content/v1/644469d0ac4b291b67fdd802/1685751276098-UTX8KUW1HTDJJAI4GJLK/73c581aaa194bbb3dcf2a3450cef1dca https://images.squarespace-cdn.com/content/v1/644469d0ac4b291b67fdd802/1685751276356-BLBU9UE03R12I3H82DJ1/def39fa8421f1b5210d01359d2968e4f https://images.squarespace-cdn.com/content/v1/644469d0ac4b291b67fdd802/1685751276372-CNE7V4CAOVUQ8MIBE1KR/02568fc4258ae424690ccdd52c74ad59 https://images.squarespace-cdn.com/content/v1/644469d0ac4b291b67fdd802/1685751277255-YXA9FUO82TKH63FJG8SZ/f1a4dc2319ee3b71f2efc2002e2b826a https://images.squarespace-cdn.com/content/v1/644469d0ac4b291b67fdd802/1685751277611-IL5NPBDVN1G9GU42SR1K/36909e3fab2ea39812a7bda0435869df https://images.squarespace-cdn.com/content/v1/644469d0ac4b291b67fdd802/1685751277774-MBVZF6MXNJKD0LF2JDVS/6fce31fd3cf4f60800f3b1e818bec33a https://images.squarespace-cdn.com/content/v1/644469d0ac4b291b67fdd802/1685751277920-GTAXAK02RLR897FN14CD/fc279ae34aa2bb07a0ad202741e9648c https://images.squarespace-cdn.com/content/v1/644469d0ac4b291b67fdd802/1685751279051-ZVVD8KBMBIDKL3MA88IP/e00117bd66ddf6bc6688812a5e9a6ed8,,,,,,,,,
646810b247363a27d180ef7c,Kitchen Tile # 9,"<p>Step into your culinary sanctuary with our &#34;6x8&#34; Ceramic kitchen sign, the guardian of your cooking adventures. This fun and vibrant sign, with its bold typography and playful message, commands respect for your creative space, keeping distractions at bay.<br /><br />Imagine this: You&#39;re meticulously icing a cake, your concentration at its peak, when a surprise visitor pops in, breaking your focus. With our kitchen sign hung on your door, it cheerfully proclaims - &#34;I&#39;m The Master Chef, And You&#39;re In My Dojo!&#34;<br /><br />This isn&#39;t just a sign; it&#39;s a declaration of your passion for cooking and a beacon that upholds the sanctity of your kitchen. Durable, beautifully designed, and effective, our &#34;6x8&#34; Ceramic kitchen sign is your partner in culinary creation.<br /><br />Embrace distraction-free cooking with our kitchen signs, and let the magic unfold, one recipe at a time.</p>
<p>Comes in Glossy or Matte.</p>",https://www.cookedsigns.com/store/p/kitchen-tile-9,https://images.squarespace-cdn.com/content/v1/644469d0ac4b291b67fdd802/1685751306620-D1EO1I8WJHYCQZALUX5G/5a29acd8dad751c203deeb340df5c201,34.99USD,in stock,,"6""x8""",,new,"Home & Garden > Decor > Artwork > Posters, Prints, & Visual Artwork",Home Decor > Room Decor > Kitchen > Coffee Bar,https://images.squarespace-cdn.com/content/v1/644469d0ac4b291b67fdd802/1685751308500-D8HYT4URYELP88Y8CDWA/19dcad8b91e0cccc595e3513ad4e120f https://images.squarespace-cdn.com/content/v1/644469d0ac4b291b67fdd802/1685751308711-0R7WBEA02PWJ4PMS6WZV/b7652321de19dd9e87c1911aca4856d3 https://images.squarespace-cdn.com/content/v1/644469d0ac4b291b67fdd802/1685751308825-NOB0JVGO1WWTM41A5DW9/ff61a8944445b0f86e979353b150cfa3 https://images.squarespace-cdn.com/content/v1/644469d0ac4b291b67fdd802/1685751309543-W4QQJVATGAHF3QOH663A/36e53c2b21297ca2917eb65b76ba5028 https://images.squarespace-cdn.com/content/v1/644469d0ac4b291b67fdd802/1685751310187-Z99CQKME46X3ZTXQDPVO/1ed40f19206a49cb3c89dfc038e4e00a https://images.squarespace-cdn.com/content/v1/644469d0ac4b291b67fdd802/1685751310412-138C5PPNE2TC717X00BF/b220b96655016fcd04cb4a888133e834 https://images.squarespace-cdn.com/content/v1/644469d0ac4b291b67fdd802/1685751310427-OP8ARMPF23JDTBTBMO34/c3cff481b18f38d50286b4078cc4f6c3 https://images.squarespace-cdn.com/content/v1/644469d0ac4b291b67fdd802/1685751311181-3G2RUJB4CJ9YI2JH0FAV/0a148a8995942a2d207f1e61d7f2e63c https://images.squarespace-cdn.com/content/v1/644469d0ac4b291b67fdd802/1685751311908-EEMYWJ70K0PXFYCCNN1S/abd764cfdd7302e379fc0448cd8991cd,,,,,,,,,
6468112413d1d4552d8ebff7,Kitchen Tile # 8,"<p>Welcome to our &#34;6x8&#34; Ceramic kitchen sign - your ticket to a distraction-free culinary experience! Crafted with care and charm, this sign is the perfect addition to your kitchen decor. Picture this: as you&#39;re crafting your signature dish, the door swings open, breaking your concentration. No more! With our sign proudly displayed, it subtly yet clearly states - &#34;I&#39;m The Master Chef, And You&#39;re In My Dojo!&#34; This amusing message keeps your space protected, allowing you to whisk, blend, and bake in peace.<br /><br />Crafted from durable Ceramic with a design that brings a smile to your face, our &#34;6x8&#34; Ceramic kitchen sign isn&#39;t just a decor item; it&#39;s your personal kitchen guard. Enhance your cooking space with our fun, distraction-deterrent kitchen signs today!</p>
<p>Comes in Glossy or Matte.</p>",https://www.cookedsigns.com/store/p/kitchen-tile-8,https://images.squarespace-cdn.com/content/v1/644469d0ac4b291b67fdd802/1685751319654-RWYUN6RLAXZYIJRP9RLS/4e03574913468cb5153a517909be4cf4,34.99USD,in stock,,"6""x8""",,new,"Home & Garden > Decor > Artwork > Posters, Prints, & Visual Artwork",Home Decor > Room Decor > Kitchen > Coffee Bar,https://images.squarespace-cdn.com/content/v1/644469d0ac4b291b67fdd802/1685751321523-6WSP5NPIP2KRLW3OIB61/ce23b8ef6833a40679d3610a8078c2af https://images.squarespace-cdn.com/content/v1/644469d0ac4b291b67fdd802/1685751321750-KBBA8MLQEDMU49MSPYXT/7a4a054fc98a127651eb72f2ada54ad8 https://images.squarespace-cdn.com/content/v1/644469d0ac4b291b67fdd802/1685751322052-OC9NJPV47WRJ3RIHV52A/c91bf6b9318ff302b0da25a5e6fb7cf4 https://images.squarespace-cdn.com/content/v1/644469d0ac4b291b67fdd802/1685751322223-0OZLD30DMG72RPHB4B7X/84c68681905dc1eeec857acd1b2d9e10 https://images.squarespace-cdn.com/content/v1/644469d0ac4b291b67fdd802/1685751323063-0IW15355BUX5E3JLQ20M/e6652af95a8478453eecb407939dc8be https://images.squarespace-cdn.com/content/v1/644469d0ac4b291b67fdd802/1685751323407-OTBALGY2C11RKGNSW85Z/9f7dbc80425a0092a715c98a54ec5e10 https://images.squarespace-cdn.com/content/v1/644469d0ac4b291b67fdd802/1685751323497-VK6G6RO6075J5Q2HT7EH/54c285bf52dc1153c9e85ed2aa9fa50b https://images.squarespace-cdn.com/content/v1/644469d0ac4b291b67fdd802/1685751323682-BK4WEA608RUIF4UJNCQL/b6f769aa4a2b273f8e0f3141c85e941c https://images.squarespace-cdn.com/content/v1/644469d0ac4b291b67fdd802/1685751324645-AN6DR2YADIQ1T8FK376W/648785236bd33c76440310b18fb6c22e,,,,,,,,,
646811495a521e20c0b0b3c7,Kitchen Tile # 6,"<p>Meet our &#34;6x8&#34; Ceramic kitchen sign, a charming protector of your cooking focus. Picture this: you&#39;re crafting your grandmother&#39;s famous apple pie when an unsuspecting family member saunters in, disturbing your cooking rhythm. But, with our kitchen sign mounted in place, a polite yet playful reminder greets them: &#34;Master Chef At Work, Get Out!&#34; With this sign, your kitchen becomes a serene sanctuary for your delicious adventures.<br /><br />Made from high-quality Ceramic and featuring vibrant, eye-catching design, our kitchen sign perfectly marries style and practicality. It&#39;s more than decor - it&#39;s a declaration of your passion for cooking and the sanctity of your creative space.<br /><br />Embrace distraction-free cooking with our &#34;6x8&#34; kitchen sign. This isn&#39;t just a product; it&#39;s a ticket to tranquillity.</p>
<p>Comes in Glossy or Matte.</p>",https://www.cookedsigns.com/store/p/kitchen-tile-6,https://images.squarespace-cdn.com/content/v1/644469d0ac4b291b67fdd802/1685751523479-Q5B37U0JGWEWLG365I7N/d3ed2750d34a40873721c83481f11f0b,34.99USD,in stock,,"6""x8""",,new,"Home & Garden > Decor > Artwork > Posters, Prints, & Visual Artwork",Home Decor > Room Decor > Kitchen > Coffee Bar,https://images.squarespace-cdn.com/content/v1/644469d0ac4b291b67fdd802/1685751524984-NIAI7JL4X5I6KAYZI5Y4/ceaeff3953f8d1b0e93b0b15b5365659 https://images.squarespace-cdn.com/content/v1/644469d0ac4b291b67fdd802/1685751525211-PQZDG4WI53XZ705ZI1LM/ec5a83843ef562bbc0e5a3c49e9d8b9d https://images.squarespace-cdn.com/content/v1/644469d0ac4b291b67fdd802/1685751525242-X2173X8CR8UDO275LP67/d63052db57fad1d73c467941b52a3b8c https://images.squarespace-cdn.com/content/v1/644469d0ac4b291b67fdd802/1685751525431-B5Y20GIIM3XSQOD9LCZI/d545d5480ca3729f5ac15bdeaf76b034 https://images.squarespace-cdn.com/content/v1/644469d0ac4b291b67fdd802/1685751526459-3ETMGMPEM5B85675A5LI/e450bdbe678e50577014329038b33df4 https://images.squarespace-cdn.com/content/v1/644469d0ac4b291b67fdd802/1685751526646-QS6GALZ9BK1TGA6PB4RC/11204653871d660eee11b4d2a163f20b https://images.squarespace-cdn.com/content/v1/644469d0ac4b291b67fdd802/1685751526705-RUTVYZYM5CHBK4OXFHH5/b8112d8d85a506720aa131063646b4d3 https://images.squarespace-cdn.com/content/v1/644469d0ac4b291b67fdd802/1685751526829-G4RTJNQNLXSW3XRGFSAU/ca77be855ebe9f8fcc712292eaabd210 https://images.squarespace-cdn.com/content/v1/644469d0ac4b291b67fdd802/1685751528033-9OVKKHU1XCKQW6RTURYA/cfb95a00084b46b405a3a1c7e6a2f7ac,,,,,,,,,
64681165c78528340713ab2f,Kitchen Tile # 7,"<p>Discover the charm of distraction-free cooking with our &#34;6x8&#34; Ceramic kitchen sign. Crafted with humor and heart, this sign transforms your kitchen into a sanctuary for culinary creativity.<br /><br />Picture this: you&#39;re whipping up a culinary masterpiece, the secret family recipe. Suddenly, a friendly intruder interrupts your concentration. But with our vibrant kitchen sign on your door, interruptions become a thing of the past. Its playful message, &#34;I&#39;m The Master Chef, And You&#39;re In My Dojo&#34;, guarantees your peaceful cooking experience.<br /><br />Our kitchen sign is not just a piece of decor, it&#39;s a statement, a guardian of your cooking zone, ensuring your gastronomic adventures continue undisturbed.<br /><br />Upgrade your kitchen experience with our &#34;6x8&#34; Ceramic kitchen sign. Celebrate the joy of distraction-free cooking!</p>
<p>Comes in Glossy or Matte.</p>",https://www.cookedsigns.com/store/p/kitchen-tile-7,https://images.squarespace-cdn.com/content/v1/644469d0ac4b291b67fdd802/1685751339228-WVCO30WOIFQCR2LFP68E/60e473f021c1dd42c041de80c00bf9ee,34.99USD,in stock,,"6""x8""",,new,"Home & Garden > Decor > Artwork > Posters, Prints, & Visual Artwork",Home Decor > Room Decor > Kitchen > Coffee Bar,https://images.squarespace-cdn.com/content/v1/644469d0ac4b291b67fdd802/1685751341146-PVBDAKEHYZMQYV95MSZQ/187b4ad0cc8ae2e33f50941b311a9d4b https://images.squarespace-cdn.com/content/v1/644469d0ac4b291b67fdd802/1685751341167-HMGKR5IA68PSUAQXJ7VU/78320ff12a8f6e215b83d5f732f5b77f https://images.squarespace-cdn.com/content/v1/644469d0ac4b291b67fdd802/1685751341237-9IZKIHL6R0MZ24R8V37E/89a1d6bd3f0d2db339bfcbb65421251f https://images.squarespace-cdn.com/content/v1/644469d0ac4b291b67fdd802/1685751341276-OVHOZKQJ16ZC52LT3X0G/beddd5fdd1ef03d9de1c29af1654c35e https://images.squarespace-cdn.com/content/v1/644469d0ac4b291b67fdd802/1685751342699-RKFTEA82GMLE071TBFSK/8f94dfb9fd3bc480ae40351dd4a40d04 https://images.squarespace-cdn.com/content/v1/644469d0ac4b291b67fdd802/1685751342888-DHAG24OP1K9IOK7G64O5/cbd9eaeab4ce718f13838a2843e1e9f5 https://images.squarespace-cdn.com/content/v1/644469d0ac4b291b67fdd802/1685751342889-XOW507V29KR6XC88GK6S/602929530d8a555cc48f659a952143e5 https://images.squarespace-cdn.com/content/v1/644469d0ac4b291b67fdd802/1685751342914-ZUYXPUZOWMHT9OL9FR8O/b83e07b9adce548d079022e82d306356 https://images.squarespace-cdn.com/content/v1/644469d0ac4b291b67fdd802/1685751344356-INKL7697HCV6UXQB2PBS/37554de45efb7b637ff5e86e7d4a5ed1,,,,,,,,,
6468117947363a27d180efc6,Kitchen Tile # 5,"<p>Introducing our dynamic &#34;6x8&#34; Ceramic kitchen sign, your guardian against distractions. This charming kitchen decor creates a space where your culinary creations can come to life, undisturbed.<br /><br />Picture this: just as your secret sauce reaches its simmering point, a distraction swoops in, interrupting your culinary symphony. Our kitchen sign, with its playful proclamation - &#34;Master Chef At Work, Get Out!&#34; - saves the day. Suddenly, your kitchen transforms into a tranquil zone, where your spicy genius flows freely.<br /><br />Expertly crafted from durable Ceramic, this kitchen sign marries functionality and flair. More than a sign, it&#39;s your culinary boundary, a fun statement asserting your space as a distraction-free haven.<br /><br />Ready to elevate your cooking experience? Invite our &#34;6x8&#34; Ceramic kitchen sign into your home.</p>
<p>Comes in Glossy or Matte.</p>",https://www.cookedsigns.com/store/p/kitchen-tile-5,https://images.squarespace-cdn.com/content/v1/644469d0ac4b291b67fdd802/1685751353391-NMR8DOFHWC1ATX2U72DA/b205d62fdba29679168610452758dcf4,34.99USD,in stock,,"6""x8""",,new,"Home & Garden > Decor > Artwork > Posters, Prints, & Visual Artwork",Home Decor > Room Decor > Kitchen > Coffee Bar,https://images.squarespace-cdn.com/content/v1/644469d0ac4b291b67fdd802/1685751355548-X2XI93W8UW0K57O8OZQC/2899a1d21ae32d0e91b90af8225f0b1f https://images.squarespace-cdn.com/content/v1/644469d0ac4b291b67fdd802/1685751355603-Y27FE5PEYXLQQKXYIBHH/6231e26c09c8f7f5f907fab0cfe3365a https://images.squarespace-cdn.com/content/v1/644469d0ac4b291b67fdd802/1685751355640-810RW0A7J9IM7H7KOOQ6/6d892d71d818a6f3e7e15b039be63b15 https://images.squarespace-cdn.com/content/v1/644469d0ac4b291b67fdd802/1685751355780-9NX6FJXR69PR3G2VJIRJ/3cf47c8f7035fa0411435c5cd6240933 https://images.squarespace-cdn.com/content/v1/644469d0ac4b291b67fdd802/1685751357208-82F7QTHKQXL8K7MO4W0W/1cfc043c0e29376a8fbff6d5bddaa3ce https://images.squarespace-cdn.com/content/v1/644469d0ac4b291b67fdd802/1685751357287-VSOTMD5D81BOC4USP79B/390e7ac2cf20d6cbe74d6ab34349b646 https://images.squarespace-cdn.com/content/v1/644469d0ac4b291b67fdd802/1685751357333-XNROEO9F0FN5DK3HYKA6/7390221a311da45b8909cde113fb77b8 https://images.squarespace-cdn.com/content/v1/644469d0ac4b291b67fdd802/1685751357372-W0WP03DMCDJYPIGJKZS1/07e884b6f050173da996514b8f488ffe https://images.squarespace-cdn.com/content/v1/644469d0ac4b291b67fdd802/1685751358682-DZ7O8X1L9JQXN2XHPY1W/50c304f721377e007cdd1913040c6100 https://images.squarespace-cdn.com/content/v1/644469d0ac4b291b67fdd802/1685751358714-KYCCWV20NGK3HDTMV5C2/ae4fc42fe94503108bcfb47da55bc9a0 https://images.squarespace-cdn.com/content/v1/644469d0ac4b291b67fdd802/1685751358983-EX6KFXSB8VEQ5THMAF8K/044326948bf9c9c3f412f01944b24851,,,,,,,,,
646811985a521e20c0b0b426,Kitchen Tile # 4,"<p>Unveiling our lively &#34;6x8&#34; Ceramic kitchen sign - your charming solution for a distraction-free culinary haven! Imagine crafting a gourmet feast, when suddenly, a mischievous toddler trots in, upsetting your culinary groove. That&#39;s where our sign saves the day! With its friendly but firm message, &#34;Master Chef At Work, Get Out!&#34;, it declares your kitchen a serene creative sanctuary.<br /><br />Crafted with premium Ceramic, this kitchen sign is a blend of style and practicality, adding a splash of personality to your space. The vibrant design captures attention, and the message brings a smile, yet maintains your kitchen&#39;s peace.</p>
<p><br />So, if you&#39;re ready to reclaim your kitchen focus, let our &#34;6x8&#34; kitchen sign be your charming guardian. Cook, create, and enjoy the peace!</p>
<p>Comes in Glossy or Matte.</p>",https://www.cookedsigns.com/store/p/kitchen-tile-4,https://images.squarespace-cdn.com/content/v1/644469d0ac4b291b67fdd802/1685751374387-OJD2GWK91MC9ER0YZPS0/16b6f5eee34e1aedbdce53258a54bfd0,34.99USD,in stock,,"6""x8""",,new,"Home & Garden > Decor > Artwork > Posters, Prints, & Visual Artwork",Home Decor > Room Decor > Kitchen > Coffee Bar,https://images.squarespace-cdn.com/content/v1/644469d0ac4b291b67fdd802/1685751376258-UA1XI836UWX1QHQA8ZL3/6ae24f91a6fa8604164c1427b397af0b https://images.squarespace-cdn.com/content/v1/644469d0ac4b291b67fdd802/1685751376373-FVKC5K72QK7GJBD9JXVH/d988101f961cc52047309ec9047f36d6 https://images.squarespace-cdn.com/content/v1/644469d0ac4b291b67fdd802/1685751376389-JFQMYQXO0HU6CLV87PJB/a1ac2edf18e760d4f9fef16b74535831 https://images.squarespace-cdn.com/content/v1/644469d0ac4b291b67fdd802/1685751376601-MFZ4GGQRHV70R8AZPE4V/28d6f20d4faef45feade0a05ef2792b4 https://images.squarespace-cdn.com/content/v1/644469d0ac4b291b67fdd802/1685751377574-QLY1BMCCUHGRL3YQO7AQ/c46b87bb37606ca67d4f16f5552a5b68 https://images.squarespace-cdn.com/content/v1/644469d0ac4b291b67fdd802/1685751377756-EXL2EHU9COODIBR675RD/b5f5aec15a0ffbb4f081daf1f0cf3f36 https://images.squarespace-cdn.com/content/v1/644469d0ac4b291b67fdd802/1685751378121-3YNRO86WBNYM4TI379WZ/ee150a54476a1fe10d842b78a4092e64 https://images.squarespace-cdn.com/content/v1/644469d0ac4b291b67fdd802/1685751378341-Z7038AV2XYOHITC8SF35/2d91c8f69b287ffa93a473d42f95dbc7 https://images.squarespace-cdn.com/content/v1/644469d0ac4b291b67fdd802/1685751379108-CKMI3BL82SDL3JV6RN6W/3a2d8f984c28bb435e256d6a4cabe49c,,,,,,,,,
646811b3c78528340713ab4d,Kitchen Tile # 3,"<p>Introducing our 6x8&#34; Ceramic kitchen sign, a quintessential accessory for the passionate cook seeking a distraction-free kitchen. Imagine being mid-recipe, your kitchen humming with the rhythm of cooking, and a jovial interruption shifts your focus. Not with our sign at your door! This clever and playful placard reads, &#34;This Kitchen Is My Kingdom, And You Are Banished!&#34; A fun, firm reminder that your kitchen is your sanctuary during meal creation.<br /><br />Crafted with durable Ceramic, this sign boasts a vibrant design that adds a dash of charm to your kitchen. It serves not just as a decor piece, but as a guardian of your cooking focus, enhancing your culinary journey.<br /><br />With this 6x8&#34; kitchen sign, transform your cooking space into a serene culinary haven. Order now and celebrate your passion for distraction-free cooking.</p>
<p>Comes in Glossy or Matte.</p>",https://www.cookedsigns.com/store/p/kitchen-tile-3,https://images.squarespace-cdn.com/content/v1/644469d0ac4b291b67fdd802/1685751394606-6TP927TOQ2TYRNXGJD36/b41568c52f54f1b03c2b63d5af1d1051,34.99USD,in stock,,"6""x8""",,new,"Home & Garden > Decor > Artwork > Posters, Prints, & Visual Artwork",Home Decor > Room Decor > Kitchen > Coffee Bar,https://images.squarespace-cdn.com/content/v1/644469d0ac4b291b67fdd802/1685751396177-M67OPN2Z0A8XAEA6R30A/84c14b0ad288643fe8e78ae2aaf3b6d1 https://images.squarespace-cdn.com/content/v1/644469d0ac4b291b67fdd802/1685751396510-KRBZ51QBA59NEM7LRX4Y/e06811445d5914f6e7d13d220a4a0d0b https://images.squarespace-cdn.com/content/v1/644469d0ac4b291b67fdd802/1685751396785-5SSVMGQGQRY0QEN6SDF0/f737988c749a3c5318d638925af4bfde https://images.squarespace-cdn.com/content/v1/644469d0ac4b291b67fdd802/1685751397101-GK5OGQVM5L8MU39NU2KM/7c60add111e070cca7098c8566b64674 https://images.squarespace-cdn.com/content/v1/644469d0ac4b291b67fdd802/1685751397552-11W2AA3ECZRWX8KH4DLC/8640a73cc70e1ee672a96277a7d646f1 https://images.squarespace-cdn.com/content/v1/644469d0ac4b291b67fdd802/1685751397756-PMW1XU7XYTO4JA20QB0M/8bb30ed2d91305fa13fac504e6529688 https://images.squarespace-cdn.com/content/v1/644469d0ac4b291b67fdd802/1685751398316-1G6INX4GX8GJV5B5EELK/2f53ac2292467208aab12f6d5d94d9e0 https://images.squarespace-cdn.com/content/v1/644469d0ac4b291b67fdd802/1685751398541-3HNLR5B83UJ6OFVIWT8H/80cc1da71d731d13c7dd7b23a6d894f5 https://images.squarespace-cdn.com/content/v1/644469d0ac4b291b67fdd802/1685751399302-7N9EQKTBUW612A5YZHFC/38499c99293b6b11eb11174c95a9d89f,,,,,,,,,
646811ce5a521e20c0b0b43a,Kitchen Tile #1,"<p>Introducing our &#34;6x8&#34; Ceramic Kitchen Sign - your culinary companion! In a bustling kitchen, it&#39;s easy for your culinary creativity to be disrupted. That&#39;s where our sign steps in. Picture this: as you&#39;re in the middle of crafting your signature dish, a mischievous toddler waltzes in. But hang on, they spot the kitchen sign! With a playful design and a firm message - &#34;This Kitchen Is My Kingdom, And You Are Banished!&#34;, they retreat, leaving you in your creative bubble.<br /><br />Crafted with durability and style in mind, this sign adds character to your kitchen and sets the tone for a distraction-free zone. Welcome this kitchen sign to your home and elevate your cooking experience to the next level.</p>
<p>Comes in Glossy or Matte.</p>",https://www.cookedsigns.com/store/p/kitchen-tile-1,https://images.squarespace-cdn.com/content/v1/644469d0ac4b291b67fdd802/1685751496389-AV1USKM0NLVPW1R1OH17/5036ea8ca0d1f2c8e49847bc70df4106,34.99USD,in stock,,"6""x8""",,new,"Home & Garden > Decor > Artwork > Posters, Prints, & Visual Artwork",Home Decor > Room Decor > Kitchen > Coffee Bar,https://images.squarespace-cdn.com/content/v1/644469d0ac4b291b67fdd802/1685751497984-JC4UIQDGBGZM6OJ3LZ0P/706b4937c13d5f923e81178a9f7110cd https://images.squarespace-cdn.com/content/v1/644469d0ac4b291b67fdd802/1685751498233-IXUQYPP0HCVAHPI0AZ9V/3bc9310ae7690d98155d10bd862e819a https://images.squarespace-cdn.com/content/v1/644469d0ac4b291b67fdd802/1685751498490-VJ9N5ATBPITM5OI3IYQH/5f869fb3603f86e5bbe3aa7d6bed0508 https://images.squarespace-cdn.com/content/v1/644469d0ac4b291b67fdd802/1685751498632-O2J2SWC5SH7TGTPMSAFV/7cae92ae9311986ce124eb573ed16a7d https://images.squarespace-cdn.com/content/v1/644469d0ac4b291b67fdd802/1685751499526-W4OCKXWEN9J978FB5D0S/80b284b9f07ae9e89b7293cad62a8473 https://images.squarespace-cdn.com/content/v1/644469d0ac4b291b67fdd802/1685751499636-HOWAZ33PJ85WXRQ6EZAH/157637fd2598bcbe430a5cf6e401ca11 https://images.squarespace-cdn.com/content/v1/644469d0ac4b291b67fdd802/1685751499837-LSHX5R04HS21ARD4N7YF/76df68e072a9ad82cc51c232d2b6f241 https://images.squarespace-cdn.com/content/v1/644469d0ac4b291b67fdd802/1685751499870-QCIK08DY11G7JDBEFZYN/4985455284789759f2d2f4b3b0f9da04 https://images.squarespace-cdn.com/content/v1/644469d0ac4b291b67fdd802/1685751501158-2ISQOYU1IFZH7Q38FPEV/9daf8450111c4ba3e4808a376fec3208,,,,,,,,,
646812275a521e20c0b0b44f,Kitchen Tile # 2,"<p>Meet our &#34;6x8&#34; Ceramic kitchen sign, a stylish and playful decor item designed to ensure your kitchen remains a haven for culinary creativity. Just when you&#39;re conjuring up your signature dish, this sign steps in to keep distractions at bay.<br /><br />Picture this: you&#39;re prepping a perfect Thanks Givin Turkey, then comes a friendly intruder, throwing you off track. Not with this sign! Its vibrant design and cheeky message - &#34;This Kitchen Is My Kingdom, And You Are Banished!&#34; - keeps your kitchen a tranquil space for you to weave your delicious magic.<br /><br />Crafted with high-quality Ceramic, this kitchen sign fuses functionality with style. Not only a decor piece, it&#39;s also a bold assertion that your kitchen is a distraction-free zone.<br /><br />Take your cooking experience a notch higher with our &#34;6x8&#34; kitchen sign.</p>
<p>Comes in Glossy or Matte.</p>",https://www.cookedsigns.com/store/p/kitchen-tile-2,https://images.squarespace-cdn.com/content/v1/644469d0ac4b291b67fdd802/1685751415212-A0MKDFK7KMGR1S8NOHVH/de56b385e149ab5ef1a2b42b6ecc7009,34.99USD,in stock,,"6""x8""",,new,"Home & Garden > Decor > Artwork > Posters, Prints, & Visual Artwork",Home Decor > Room Decor > Kitchen > Coffee Bar,https://images.squarespace-cdn.com/content/v1/644469d0ac4b291b67fdd802/1685751416738-4TVYR5YW8GV9CRHTCIQA/5c547bc5bda8a16165ede6551e6b14a8 https://images.squarespace-cdn.com/content/v1/644469d0ac4b291b67fdd802/1685751416770-73TE9W9LP37TQV3SM9N2/912484f46389b9e487ee05d189447dc0 https://images.squarespace-cdn.com/content/v1/644469d0ac4b291b67fdd802/1685751416993-VDMYY1AEBX8XYOKOMG03/939a752c0e52995c68564af38e55fd69 https://images.squarespace-cdn.com/content/v1/644469d0ac4b291b67fdd802/1685751417305-01TU05DCXYDTJQ06NLKE/48d275e491dfe0e3435830894ec5e49e https://images.squarespace-cdn.com/content/v1/644469d0ac4b291b67fdd802/1685751418227-UVWVVWTAZQ80ZXLI8YFF/fa36626a36cd1e61c66a84f7285d9c07 https://images.squarespace-cdn.com/content/v1/644469d0ac4b291b67fdd802/1685751418370-LWGEW3CVQ6E8N7EBVR7L/42353c2a9c3c0c1fdf0026fa8261322a https://images.squarespace-cdn.com/content/v1/644469d0ac4b291b67fdd802/1685751418807-E0GJUZRE051RICNQP6NU/281c3b4e42edb4a24889f7aa27075dfd https://images.squarespace-cdn.com/content/v1/644469d0ac4b291b67fdd802/1685751418823-OZ3I9U45OJET4Z4J09P4/f889567e7b5b90cc422b60cb4aae62d4 https://images.squarespace-cdn.com/content/v1/644469d0ac4b291b67fdd802/1685751419730-4XCNGTSB1D2LJDI5262D/4a3160f3c7ed074e31b18325806fddc8,,,,,,,,,
647a81f22a92273f1845b61f,Custom Kitchen Tile # 1,"<p>Get ready to fall in love with our delightfully playful 6&#34;x8&#34; ceramic kitchen signs. Designed to make your cooking space peaceful; these signs skillfully prompt any distraction-causing individuals to exit.</p>
<p>Imagine the surprise on guests&#39; faces when they see your personalized name and a gentle reminder: &#34;[Your Name]&#39;s Kitchen, Stay Out!&#34; These unique kitchen signs enhance your kitchen decor and keep your culinary haven serene. It&#39;s the perfect way to tell your kitchen story while keeping distractions at bay!</p>
<p>But wait, there&#39;s more! Our kitchen signs offer you the unique opportunity to add your personal touch. Customize your kitchen sign with your first name, letting everyone know, &#34;This is MY kitchen!&#34;</p>",https://www.cookedsigns.com/store/p/custom-kitchen-tile-1,https://images.squarespace-cdn.com/content/v1/644469d0ac4b291b67fdd802/1685844134413-KOMXEHQ9DMBRWSJDAQNW/139341720250a35c33ebef62bccd6c6c,39.99USD,in stock,,"6""x8""",,new,"Home & Garden > Decor > Artwork > Posters, Prints, & Visual Artwork",Home Decor > Room Decor > Kitchen > Coffee Bar,https://images.squarespace-cdn.com/content/v1/644469d0ac4b291b67fdd802/1685844135895-G4YLM79D7T5YL4ZNPSQ6/29cee05e8d37d1f625540812aad413f2 https://images.squarespace-cdn.com/content/v1/644469d0ac4b291b67fdd802/1685844135917-LMBWX7KQDXDRKQN6YMR1/4925f52145badeaf9478530238c05766 https://images.squarespace-cdn.com/content/v1/644469d0ac4b291b67fdd802/1685844136240-NBRKNQCCHRRZXTKPP0A5/3743e70bab0dd9d92a8bfd7120f56cfe https://images.squarespace-cdn.com/content/v1/644469d0ac4b291b67fdd802/1685844136298-SHEGW072M02CTN92YEGI/c646c7e96643150d27e7ceda1f47d500 https://images.squarespace-cdn.com/content/v1/644469d0ac4b291b67fdd802/1685844137322-9K4BFRFPV67ZTQ6ZPZTV/107e2d6cdff624022c770ce2a9f191a4 https://images.squarespace-cdn.com/content/v1/644469d0ac4b291b67fdd802/1685844137446-2M0BIDNJW5POR3CY020D/a83013c4277de4b23642283e5f6c7cd7 https://images.squarespace-cdn.com/content/v1/644469d0ac4b291b67fdd802/1685844137701-L6AUBQXKUTO2YUJSVY2J/6d02edfa3461a84a934129941d231eca https://images.squarespace-cdn.com/content/v1/644469d0ac4b291b67fdd802/1685844137835-68C4N1DGJ8CXVJFBFNU3/986f39f202fb48abeea99bc22046f704 https://images.squarespace-cdn.com/content/v1/644469d0ac4b291b67fdd802/1685844138662-80TESNX55MWPCON8KS8F/c78d11d6380d747cdc10d083c2ee537f https://images.squarespace-cdn.com/content/v1/644469d0ac4b291b67fdd802/1685844138891-TCCNC3XJE51D36LYQ5CX/c26a700251bcaa096bcda38711256421 https://images.squarespace-cdn.com/content/v1/644469d0ac4b291b67fdd802/1685844139497-NJZBM9EKCK62DICTY5JL/98aa6709e8892388c8e9d2e1cc2cfe54,,,,,,,,,
647a82b0cd6f6913e46896e5,Custom Kitchen Tile # 2,"<p>Meet our charming 6&#34;x8&#34; ceramic kitchen signs, your secret weapon to a distraction-free cooking haven! With a story as fun as its design, these signs have a knack for ushering away kitchen intruders. Picture this: your friends walk into your kitchen, only to be greeted with a customized sign saying, &#34;[Your Name]&#39;s Kitchen Stay Out!&#34; It&#39;s fun and personal, and it subtly sets the boundaries. Our Kitchen Signs are more than decor; they&#39;re guardians of your culinary sanctuary. So, when it&#39;s about kitchen signs that resonate with you, we&#39;ve got you covered!</p>",https://www.cookedsigns.com/store/p/custom-kitchen-tile-2,https://images.squarespace-cdn.com/content/v1/644469d0ac4b291b67fdd802/1685844099315-REFKGR6163EQHA60T36O/b99802e505a84c602a5c21afd11e7043,39.99USD,in stock,,"6""x8""",,new,"Home & Garden > Decor > Artwork > Posters, Prints, & Visual Artwork",Home Decor > Room Decor > Kitchen > Coffee Bar,https://images.squarespace-cdn.com/content/v1/644469d0ac4b291b67fdd802/1685844100884-RSDV3JXOK8AMAK33EQD6/7740dcefc93b89d763873ce6238899bd https://images.squarespace-cdn.com/content/v1/644469d0ac4b291b67fdd802/1685844101181-SO4KFR5GQ2I0XQ5Q2RQ4/4e3f139404d4da0e7c2dca520464a8e5 https://images.squarespace-cdn.com/content/v1/644469d0ac4b291b67fdd802/1685844101328-122WXA6UTW59ZCJC21AR/84386b966f5485cff9826e3c1d2ec0cc https://images.squarespace-cdn.com/content/v1/644469d0ac4b291b67fdd802/1685844101338-2FDI0M0PYF14MGPVFBY0/c06492831614415e624bb2a63fbc5bed https://images.squarespace-cdn.com/content/v1/644469d0ac4b291b67fdd802/1685844102355-HAQMR5GGZUYNHJ6MPRON/77fe2b39c6b07ccdc0a9eb65d7d6729f https://images.squarespace-cdn.com/content/v1/644469d0ac4b291b67fdd802/1685844102663-OUYFXJZFS650R6LEB4JS/7303e5667bd59caa504aa1e45ca59766 https://images.squarespace-cdn.com/content/v1/644469d0ac4b291b67fdd802/1685844102693-9ZJSF37GC9VO5T0L4J3X/6c1e9c5a46814898e7051c31bc112222 https://images.squarespace-cdn.com/content/v1/644469d0ac4b291b67fdd802/1685844102752-XH38JNMAABUZKDDNW39Y/f998316ceab49ba64c639c1e29dc4b3e https://images.squarespace-cdn.com/content/v1/644469d0ac4b291b67fdd802/1685844103897-8YIHAWZ68DOSCCC87W6Y/f4a3c2f6d98f84ed63063d8d89d20946,,,,,,,,,
647a83442a92273f1845b68b,Custom Kitchen Tile # 3,"<p>Ready for a giggle? Our 6&#34;x8&#34; ceramic kitchen signs add fun to your kitchen, ensuring it remains a peaceful haven. Imagine this - your sign playfully telling friends, &#34;[Your Name]&#39;s Kitchen Stay Out!&#34; Your guests will enjoy the charm and cheeky humour, adding sparkle to your cooking escapades. With your personalized sign, your space gets a vibrant personality while staying distraction-free. Search no more for the perfect kitchen signs - ours are unique, fun, and totally you. Your kitchen, your rules, and now, your sign too!</p>",https://www.cookedsigns.com/store/p/custom-kitchen-tile-3,https://images.squarespace-cdn.com/content/v1/644469d0ac4b291b67fdd802/1685844118306-W4C2G5ERYPFEP361TAFI/3d260141acfab7c356b05645781ee616,39.99USD,in stock,,"6""x8""",,new,"Home & Garden > Decor > Artwork > Posters, Prints, & Visual Artwork",Home Decor > Room Decor > Kitchen > Coffee Bar,https://images.squarespace-cdn.com/content/v1/644469d0ac4b291b67fdd802/1685844119998-F3R8PTHS9BD8GN0VGPBV/f0f7c16a11a0b1681e3eff298b8b0b34 https://images.squarespace-cdn.com/content/v1/644469d0ac4b291b67fdd802/1685844120071-XIAA3VUFOV4WC549FN97/86859b0946fefd387a224ba13c995f55 https://images.squarespace-cdn.com/content/v1/644469d0ac4b291b67fdd802/1685844120252-FMPLY5YKZX5ORN9VIIV6/535c59a3235d4134d651da4d693bd3e8 https://images.squarespace-cdn.com/content/v1/644469d0ac4b291b67fdd802/1685844120402-0K41BVYGG8Z3H2FDEZAG/35172039917e72e75b6c03a7e54b6d41 https://images.squarespace-cdn.com/content/v1/644469d0ac4b291b67fdd802/1685844121456-Z4ACP4P6G5DE0YNPK1OK/db659621dde94b261f0b55c02a092ddf https://images.squarespace-cdn.com/content/v1/644469d0ac4b291b67fdd802/1685844121532-1FPCWGLIMSLS0GZOIQTS/06ec8664198c736b1316f05230708f50 https://images.squarespace-cdn.com/content/v1/644469d0ac4b291b67fdd802/1685844121616-91PE325U1SVT294AOOX6/105e221ec7523b95d6b864994e14b75d https://images.squarespace-cdn.com/content/v1/644469d0ac4b291b67fdd802/1685844121759-UU3KKAJTWOIGP7WKASP3/3126f5c020fe4213108da26f6c89b5ac https://images.squarespace-cdn.com/content/v1/644469d0ac4b291b67fdd802/1685844122868-K2WG9F0TSPD6VMHJD1AY/b201e7853906ed4184ff786b97adf669,,,,,,,,,